Workbook
Name HMax: Settings!$C$10
Name HMin: Settings!$C$9
Name OverdueDays: Settings!$C$11
Name ReportDate: Settings!$C$4
Name Target: Settings!$C$8
Name Trigger: Settings!$C$5
Name TriggerMonth: Settings!$C$6
Name WatchBand: Settings!$C$7

Sheet Read_Me
A1: Planting and Monitoring Data Kit (illustrative data)
A2: Built by Les' Aullian Achmad Argito for the CarbonEthics Operations & Science Intern application, October 2026.
A4: Read this first | B4: Every site, plot, count and date in this file is invented to show how the sheets work. Nothing here describes a real CarbonEthics site, partner or client.
A5: What it is for | B5: Keeping planting and survival data clean enough to report: one row per plot planted, one row per plot visit, automatic checks, and a status line per plot that tells the team what to do next.
A6: How to use it | B6: 1) Set the report date and thresholds in Settings. 2) Add plots to Planting_Log. 3) Add one Monitoring row per plot visit (yellow cells only; grey cells are formulas). 4) Read the QA_Flags column and correct flagged rows at the source. 5) Read Plot_Status and Dashboard for actions. 6) Copy grey formula rows down when you add rows.
A7: Data rule 1 | B7: Counts are cumulative since planting: Alive + Dead + Missing must equal seedlings planted plus seedlings replanted on earlier visits.
A8: Data rule 2 | B8: Replanting is recorded on the visit where it happens, after that visit's count; it enters the expected total from the next visit.
A9: Data rule 3 | B9: Plot_Status uses only rows that pass every check. A flagged row is corrected, never deleted, and the plot shows its last clean census until then.
A10: Data rule 4 | B10: Stocking = living trees / seedlings in the original design (drives the replanting trigger). Survival = living trees / all seedlings ever planted on the plot (shows what replanting cost).
A11: QA check 1: Unknown plot | B11: Plot ID not found in Planting_Log (typos such as B3 for B03).
A12: QA check 2: Visit before planting | B12: Visit date earlier than the planting date (often a mistyped year).
A13: QA check 3: Count mismatch | B13: Alive + Dead + Missing does not equal the expected total.
A14: QA check 4: Alive rose without replanting | B14: More living trees than at the previous visit plus anything replanted since.
A15: QA check 5: Duplicate visit | B15: Same plot and date entered twice.
... A20: Google Sheets | B20: Uses COUNTIFS, SUMIFS, AVERAGEIFS, SUMPRODUCT and INDEX/MATCH only, which work in Google Sheets and Excel.

Sheet Dashboard
A1: Dashboard
A2: Illustrative data. Figures update from Planting_Log and Monitoring; status uses clean rows only.
A3: Report date | B3: =ReportDate -> 46295
A5: Seedlings planted (design) | C5: Replanted to date | E5: Alive at last clean visit | G5: Stocking vs design
A6: =Site_Summary!C8 -> 5900 | C6: =Site_Summary!D8 -> 272 | E6: =Site_Summary!E8 -> 4638 | G6: =Site_Summary!F8 -> 0.78610169
A8: Plots to replant | C8: Seedlings to order | E8: Plots with census overdue | G8: Flagged rows to correct
A9: =Site_Summary!G8 -> 2 | C9: =Site_Summary!H8 -> 135 | E9: =Site_Summary!I8 -> 5 | G9: =COUNTIF(Monitoring!$Z$5:$Z$200,">0") -> 9

Sheet Settings
A1: Settings
A2: Change these values; every formula reads them by name.
A3: Name | B3: Setting | C3: Value | E3: Sites | F3: Species | G3: Causes | H3: Observers | I3: Visit types
A4: ReportDate | B4: Report date | C4: 46295 | E4: Site A - seaward fringe | F4: Rhizophora mucronata | G4: Wave/scour | H4: FS-1 (field staff) | I4: Census
A5: Trigger | B5: Replant when stocking is below | C5: 0.7 | E5: Site B - pond dyke | F5: Rhizophora apiculata | G5: Barnacles | H5: FS-2 (field staff) | I5: Replanting
A6: TriggerMonth | B6: Apply the trigger from census month | C6: 6 | E6: Site C - sheltered lagoon | F6: Avicennia marina | G6: Sediment burial | H6: PL-1 (partner lead) | I6: Follow-up
A7: WatchBand | B7: Watch band above the trigger | C7: 0.1 | F7: Sonneratia alba | G7: Crab damage | H7: PL-2 (partner lead)
A8: Target | B8: Replant up to this stocking | C8: 0.8 | G8: Grazing | H8: PL-3 (partner lead)
A9: HMin | B9: Plausible mean height, minimum (cm) | C9: 10 | G9: Debris/plastic
A10: HMax | B10: Plausible mean height, maximum (cm) | C10: 250 | G10: Human disturbance
A11: OverdueDays | B11: Census overdue after (days) | C11: 100 | G11: Unknown

Sheet Planting_Log
A1: Planting log
A2: One row per plot planted. Yellow = input. Illustrative data.
A4: Plot ID | B4: Site | C4: Zone | D4: Planted on | E4: Species | F4: Seedling source | G4: Seedlings planted | H4: Spacing (m) | I4: Partner group | J4: GPS waypoint ID | K4: Photo point ID | L4: Notes
A5: A01 | B5: Site A - seaward fringe | C5: Open fringe | D5: 45948 | E5: Rhizophora mucronata | F5: Partner nursery | G5: 500 | H5: 1 | I5: Partner group 1 | J5: WP-A01 | K5: PP-A01
A6: A02 | B6: Site A - seaward fringe | C6: Open fringe | D6: 45948 | E6: Rhizophora mucronata | F6: Partner nursery | G6: 500 | H6: 1 | I6: Partner group 1 | J6: WP-A02 | K6: PP-A02
A7: A03 | B7: Site A - seaward fringe | C7: Behind wave breaker | D7: 45948 | E7: Rhizophora mucronata | F7: Partner nursery | G7: 500 | H7: 1 | I7: Partner group 1 | J7: WP-A03 | K7: PP-A03
A8: A04 | B8: Site A - seaward fringe | C8: Behind wave breaker | D8: 45949 | E8: Rhizophora mucronata | F8: Partner nursery | G8: 450 | H8: 1 | I8: Partner group 1 | J8: WP-A04 | K8: PP-A04
A9: B01 | B9: Site B - pond dyke | C9: Dyke crest | D9: 46046 | E9: Rhizophora mucronata | F9: Partner nursery | G9: 600 | H9: 1 | I9: Partner group 2 | J9: WP-B01 | K9: PP-B01
A10: B02 | B10: Site B - pond dyke | C10: Dyke crest | D10: 46046 | E10: Rhizophora mucronata | F10: Partner nursery | G10: 600 | H10: 1 | I10: Partner group 2 | J10: WP-B02 | K10: PP-B02
A11: B03 | B11: Site B - pond dyke | C11: Pond floor | D11: 46046 | E11: Rhizophora mucronata | F11: Partner nursery | G11: 550 | H11: 1 | I11: Partner group 2 | J11: WP-B03 | K11: PP-B03
A12: B04 | B12: Site B - pond dyke | C12: Pond floor | D12: 46046 | E12: Rhizophora mucronata | F12: Partner nursery | G12: 600 | H12: 1 | I12: Partner group 2 | J12: WP-B04 | K12: PP-B04
A13: C01 | B13: Site C - sheltered lagoon | C13: Lagoon edge | D13: 46095 | E13: Avicennia marina | F13: Wild propagules, partner nursery | G13: 400 | H13: 1.5 | I13: Partner group 3 | J13: WP-C01 | K13: PP-C01
A14: C02 | B14: Site C - sheltered lagoon | C14: Lagoon edge | D14: 46095 | E14: Avicennia marina | F14: Wild propagules, partner nursery | G14: 400 | H14: 1.5 | I14: Partner group 3 | J14: WP-C02 | K14: PP-C02
A15: C03 | B15: Site C - sheltered lagoon | C15: Inner flat | D15: 46095 | E15: Avicennia marina | F15: Wild propagules, partner nursery | G15: 400 | H15: 1.5 | I15: Partner group 3 | J15: WP-C03 | K15: PP-C03
A16: C04 | B16: Site C - sheltered lagoon | C16: Inner flat | D16: 46095 | E16: Avicennia marina | F16: Wild propagules, partner nursery | G16: 400 | H16: 1.5 | I16: Partner group 3 | J16: WP-C04 | K16: PP-C04

Sheet Monitoring
A1: Monitoring census
A2: One row per plot visit. Yellow = input, grey = formula. Illustrative data with eight deliberate entry errors for the checks to catch.
A4: Visit ID | B4: Plot ID | C4: Visit date | D4: Visit type | E4: Observer | F4: Alive | G4: Dead | H4: Missing | I4: Main cause of loss | J4: Mean height (cm) | K4: Replanted this visit | L4: Notes | M4: Site | N4: Planted on | O4: Months since planting | P4: Census month | Q4: Seedlings planted | R4: Replanted before this visit | S4: Expected total | T4: Survival (all planted) | U4: Stocking (vs design) | V4: Previous visit | W4: Alive at previous visit | X4: Replanted since previous | Y4: QA flags | Z4: QA issues
A5: V001 | B5: A01 | C5: 45979 | D5: Census | E5: FS-1 (field staff) | F5: 455 | G5: 30 | H5: 15 | I5: Wave/scour | J5: 48 | K5: 0 | M5: =IF($B5="","",IFERROR(INDEX(Planting_Log!$B$5:$B$60,MATCH($B5,Planting_Log!$A$5:$A$60,0)),"")) -> Site A - seaward fringe | N5: =IF($B5="","",IFERROR(INDEX(Planting_Log!$D$5:$D$60,MATCH($B5,Planting_Log!$A$5:$A$60,0)),"")) -> 45948 | O5: =IF(OR(N5="",C5=""),"",ROUND((C5-N5)/30.44,1)) -> 1 | P5: =IF(O5="","",IF(O5<2,1,IF(O5<4.5,3,IF(O5<7.5,6,IF(O5<10.5,9,12))))) -> 1 | Q5: =IF($B5="","",IFERROR(INDEX(Planting_Log!$G$5:$G$60,MATCH($B5,Planting_Log!$A$5:$A$60,0)),"")) -> 500 | R5: =IF($B5="","",SUMIFS($K$5:$K$200,$B$5:$B$200,$B5,$C$5:$C$200,"<"&$C5)) -> 0 | S5: =IF(Q5="","",Q5+R5) -> 500 | T5: =IF(OR(S5="",S5=0),"",F5/S5) -> 0.91 | U5: =IF(OR(Q5="",Q5=0),"",F5/Q5) -> 0.91 | V5: =IF($B5="","",IF(COUNTIFS($B$5:$B$200,$B5,$C$5:$C$200,"<"&$C5)=0,"",SUMPRODUCT(MAX(($B$5:$B$200=$B5)*($C$5:$C$200<$C5)*$C$5:$C$200)))) | W5: =IF(V5="","",SUMIFS($F$5:$F$200,$B$5:$B$200,$B5,$C$5:$C$200,V5)) | X5: =IF($B5="","",IF(V5="",0,SUMIFS($K$5:$K$200,$B$5:$B$200,$B5,$C$5:$C$200,">="&V5,$C$5:$C$200,"<"&$C5))) -> 0 | Y5: =IF($B5="","",MID(IF(M5="","; Unknown plot","")&IF(N5="","",IF(C5<N5,"; Visit before planting",""))&IF(S5="","",IF(F5+G5+H5<>S5,"; Count mismatch",""))&IF(W5="","",IF(F5>W5+X5,"; Alive rose without replanting",""))&IF(COUNTIFS($B$5:$B$200,$B5,$C$5:$C$200,$C5)>1,"; Duplicate visit","")&IF(J5="","",IF(OR(J5<HMin,J5>HMax),"; Height out of range",""))&IF(E5="","; No observer","")&IF(G5+H5>0,IF(I5="","; Loss without cause",""),""),3,300)) | Z5: =IF($B5="","",IF(Y5="",0,1+LEN(Y5)-LEN(SUBSTITUTE(Y5,";","")))) -> 0
A6: V002 | B6: A01 | C6: 46039 | D6: Census | E6: FS-1 (field staff) | F6: 360 | G6: 90 | H6: 50 | I6: Wave/scour | J6: 55 | K6: 0 | M6: =IF($B6="","",IFERROR(INDEX(Planting_Log!$B$5:$B$60,MATCH($B6,Planting_Log!$A$5:$A$60,0)),"")) -> Site A - seaward fringe | N6: =IF($B6="","",IFERROR(INDEX(Planting_Log!$D$5:$D$60,MATCH($B6,Planting_Log!$A$5:$A$60,0)),"")) -> 45948 | O6: =IF(OR(N6="",C6=""),"",ROUND((C6-N6)/30.44,1)) -> 3 | P6: =IF(O6="","",IF(O6<2,1,IF(O6<4.5,3,IF(O6<7.5,6,IF(O6<10.5,9,12))))) -> 3 | Q6: =IF($B6="","",IFERROR(INDEX(Planting_Log!$G$5:$G$60,MATCH($B6,Planting_Log!$A$5:$A$60,0)),"")) -> 500 | R6: =IF($B6="","",SUMIFS($K$5:$K$200,$B$5:$B$200,$B6,$C$5:$C$200,"<"&$C6)) -> 0 | S6: =IF(Q6="","",Q6+R6) -> 500 | T6: =IF(OR(S6="",S6=0),"",F6/S6) -> 0.72 | U6: =IF(OR(Q6="",Q6=0),"",F6/Q6) -> 0.72 | V6: =IF($B6="","",IF(COUNTIFS($B$5:$B$200,$B6,$C$5:$C$200,"<"&$C6)=0,"",SUMPRODUCT(MAX(($B$5:$B$200=$B6)*($C$5:$C$200<$C6)*$C$5:$C$200)))) -> 45979 | W6: =IF(V6="","",SUMIFS($F$5:$F$200,$B$5:$B$200,$B6,$C$5:$C$200,V6)) -> 455 | X6: =IF($B6="","",IF(V6="",0,SUMIFS($K$5:$K$200,$B$5:$B$200,$B6,$C$5:$C$200,">="&V6,$C$5:$C$200,"<"&$C6))) -> 0 | Y6: =IF($B6="","",MID(IF(M6="","; Unknown plot","")&IF(N6="","",IF(C6<N6,"; Visit before planting",""))&IF(S6="","",IF(F6+G6+H6<>S6,"; Count mismatch",""))&IF(W6="","",IF(F6>W6+X6,"; Alive rose without replanting",""))&IF(COUNTIFS($B$5:$B$200,$B6,$C$5:$C$200,$C6)>1,"; Duplicate visit","")&IF(J6="","",IF(OR(J6<HMin,J6>HMax),"; Height out of range",""))&IF(E6="","; No observer","")&IF(G6+H6>0,IF(I6="","; Loss without cause",""),""),3,300)) | Z6: =IF($B6="","",IF(Y6="",0,1+LEN(Y6)-LEN(SUBSTITUTE(Y6,";","")))) -> 0
A7: V003 | B7: A01 | C7: 46130 | D7: Census | E7: FS-1 (field staff) | F7: 290 | G7: 130 | H7: 80 | I7: Wave/scour | J7: 64 | K7: 0 | L7: Scour on the seaward edge | M7: =IF($B7="","",IFERROR(INDEX(Planting_Log!$B$5:$B$60,MATCH($B7,Planting_Log!$A$5:$A$60,0)),"")) -> Site A - seaward fringe | N7: =IF($B7="","",IFERROR(INDEX(Planting_Log!$D$5:$D$60,MATCH($B7,Planting_Log!$A$5:$A$60,0)),"")) -> 45948 | O7: =IF(OR(N7="",C7=""),"",ROUND((C7-N7)/30.44,1)) -> 6 | P7: =IF(O7="","",IF(O7<2,1,IF(O7<4.5,3,IF(O7<7.5,6,IF(O7<10.5,9,12))))) -> 6 | Q7: =IF($B7="","",IFERROR(INDEX(Planting_Log!$G$5:$G$60,MATCH($B7,Planting_Log!$A$5:$A$60,0)),"")) -> 500 | R7: =IF($B7="","",SUMIFS($K$5:$K$200,$B$5:$B$200,$B7,$C$5:$C$200,"<"&$C7)) -> 0 | S7: =IF(Q7="","",Q7+R7) -> 500 | T7: =IF(OR(S7="",S7=0),"",F7/S7) -> 0.58 | U7: =IF(OR(Q7="",Q7=0),"",F7/Q7) -> 0.58 | V7: =IF($B7="","",IF(COUNTIFS($B$5:$B$200,$B7,$C$5:$C$200,"<"&$C7)=0,"",SUMPRODUCT(MAX(($B$5:$B$200=$B7)*($C$5:$C$200<$C7)*$C$5:$C$200)))) -> 46039 | W7: =IF(V7="","",SUMIFS($F$5:$F$200,$B$5:$B$200,$B7,$C$5:$C$200,V7)) -> 360 | X7: =IF($B7="","",IF(V7="",0,SUMIFS($K$5:$K$200,$B$5:$B$200,$B7,$C$5:$C$200,">="&V7,$C$5:$C$200,"<"&$C7))) -> 0 | Y7: =IF($B7="","",MID(IF(M7="","; Unknown plot","")&IF(N7="","",IF(C7<N7,"; Visit before planting",""))&IF(S7="","",IF(F7+G7+H7<>S7,"; Count mismatch",""))&IF(W7="","",IF(F7>W7+X7,"; Alive rose without replanting",""))&IF(COUNTIFS($B$5:$B$200,$B7,$C$5:$C$200,$C7)>1,"; Duplicate visit","")&IF(J7="","",IF(OR(J7<HMin,J7>HMax),"; Height out of range",""))&IF(E7="","; No observer","")&IF(G7+H7>0,IF(I7="","; Loss without cause",""),""),3,300)) | Z7: =IF($B7="","",IF(Y7="",0,1+LEN(Y7)-LEN(SUBSTITUTE(Y7,";","")))) -> 0
A8: V004 | B8: A01 | C8: 46158 | D8: Replanting | E8: PL-1 (partner lead) | F8: 286 | G8: 132 | H8: 82 | I8: Wave/scour | J8: 66 | K8: 115 | L8: Replanted with stakes | M8: =IF($B8="","",IFERROR(INDEX(Planting_Log!$B$5:$B$60,MATCH($B8,Planting_Log!$A$5:$A$60,0)),"")) -> Site A - seaward fringe | N8: =IF($B8="","",IFERROR(INDEX(Planting_Log!$D$5:$D$60,MATCH($B8,Planting_Log!$A$5:$A$60,0)),"")) -> 45948 | O8: =IF(OR(N8="",C8=""),"",ROUND((C8-N8)/30.44,1)) -> 6.9 | P8: =IF(O8="","",IF(O8<2,1,IF(O8<4.5,3,IF(O8<7.5,6,IF(O8<10.5,9,12))))) -> 6 | Q8: =IF($B8="","",IFERROR(INDEX(Planting_Log!$G$5:$G$60,MATCH($B8,Planting_Log!$A$5:$A$60,0)),"")) -> 500 | R8: =IF($B8="","",SUMIFS($K$5:$K$200,$B$5:$B$200,$B8,$C$5:$C$200,"<"&$C8)) -> 0 | S8: =IF(Q8="","",Q8+R8) -> 500 | T8: =IF(OR(S8="",S8=0),"",F8/S8) -> 0.572 | U8: =IF(OR(Q8="",Q8=0),"",F8/Q8) -> 0.572 | V8: =IF($B8="","",IF(COUNTIFS($B$5:$B$200,$B8,$C$5:$C$200,"<"&$C8)=0,"",SUMPRODUCT(MAX(($B$5:$B$200=$B8)*($C$5:$C$200<$C8)*$C$5:$C$200)))) -> 46130 | W8: =IF(V8="","",SUMIFS($F$5:$F$200,$B$5:$B$200,$B8,$C$5:$C$200,V8)) -> 290 | X8: =IF($B8="","",IF(V8="",0,SUMIFS($K$5:$K$200,$B$5:$B$200,$B8,$C$5:$C$200,">="&V8,$C$5:$C$200,"<"&$C8))) -> 0 | Y8: =IF($B8="","",MID(IF(M8="","; Unknown plot","")&IF(N8="","",IF(C8<N8,"; Visit before planting",""))&IF(S8="","",IF(F8+G8+H8<>S8,"; Count mismatch",""))&IF(W8="","",IF(F8>W8+X8,"; Alive rose without replanting",""))&IF(COUNTIFS($B$5:$B$200,$B8,$C$5:$C$200,$C8)>1,"; Duplicate visit","")&IF(J8="","",IF(OR(J8<HMin,J8>HMax),"; Height out of range",""))&IF(E8="","; No observer","")&IF(G8+H8>0,IF(I8="","; Loss without cause",""),""),3,300)) | Z8: =IF($B8="","",IF(Y8="",0,1+LEN(Y8)-LEN(SUBSTITUTE(Y8,";","")))) -> 0
A9: V005 | B9: A02 | C9: 45979 | D9: Census | E9: FS-1 (field staff) | F9: 440 | G9: 40 | H9: 20 | I9: Wave/scour | J9: 47 | K9: 0 | M9: =IF($B9="","",IFERROR(INDEX(Planting_Log!$B$5:$B$60,MATCH($B9,Planting_Log!$A$5:$A$60,0)),"")) -> Site A - seaward fringe | N9: =IF($B9="","",IFERROR(INDEX(Planting_Log!$D$5:$D$60,MATCH($B9,Planting_Log!$A$5:$A$60,0)),"")) -> 45948 | O9: =IF(OR(N9="",C9=""),"",ROUND((C9-N9)/30.44,1)) -> 1 | P9: =IF(O9="","",IF(O9<2,1,IF(O9<4.5,3,IF(O9<7.5,6,IF(O9<10.5,9,12))))) -> 1 | Q9: =IF($B9="","",IFERROR(INDEX(Planting_Log!$G$5:$G$60,MATCH($B9,Planting_Log!$A$5:$A$60,0)),"")) -> 500 | R9: =IF($B9="","",SUMIFS($K$5:$K$200,$B$5:$B$200,$B9,$C$5:$C$200,"<"&$C9)) -> 0 | S9: =IF(Q9="","",Q9+R9) -> 500 | T9: =IF(OR(S9="",S9=0),"",F9/S9) -> 0.88 | U9: =IF(OR(Q9="",Q9=0),"",F9/Q9) -> 0.88 | V9: =IF($B9="","",IF(COUNTIFS($B$5:$B$200,$B9,$C$5:$C$200,"<"&$C9)=0,"",SUMPRODUCT(MAX(($B$5:$B$200=$B9)*($C$5:$C$200<$C9)*$C$5:$C$200)))) | W9: =IF(V9="","",SUMIFS($F$5:$F$200,$B$5:$B$200,$B9,$C$5:$C$200,V9)) | X9: =IF($B9="","",IF(V9="",0,SUMIFS($K$5:$K$200,$B$5:$B$200,$B9,$C$5:$C$200,">="&V9,$C$5:$C$200,"<"&$C9))) -> 0 | Y9: =IF($B9="","",MID(IF(M9="","; Unknown plot","")&IF(N9="","",IF(C9<N9,"; Visit before planting",""))&IF(S9="","",IF(F9+G9+H9<>S9,"; Count mismatch",""))&IF(W9="","",IF(F9>W9+X9,"; Alive rose without replanting",""))&IF(COUNTIFS($B$5:$B$200,$B9,$C$5:$C$200,$C9)>1,"; Duplicate visit","")&IF(J9="","",IF(OR(J9<HMin,J9>HMax),"; Height out of range",""))&IF(E9="","; No observer","")&IF(G9+H9>0,IF(I9="","; Loss without cause",""),""),3,300)) | Z9: =IF($B9="","",IF(Y9="",0,1+LEN(Y9)-LEN(SUBSTITUTE(Y9,";","")))) -> 0
A10: V006 | B10: A02 | C10: 46039 | D10: Census | E10: FS-1 (field staff) | F10: 330 | G10: 110 | H10: 60 | I10: Barnacles | J10: 54 | K10: 0 | M10: =IF($B10="","",IFERROR(INDEX(Planting_Log!$B$5:$B$60,MATCH($B10,Planting_Log!$A$5:$A$60,0)),"")) -> Site A - seaward fringe | N10: =IF($B10="","",IFERROR(INDEX(Planting_Log!$D$5:$D$60,MATCH($B10,Planting_Log!$A$5:$A$60,0)),"")) -> 45948 | O10: =IF(OR(N10="",C10=""),"",ROUND((C10-N10)/30.44,1)) -> 3 | P10: =IF(O10="","",IF(O10<2,1,IF(O10<4.5,3,IF(O10<7.5,6,IF(O10<10.5,9,12))))) -> 3 | Q10: =IF($B10="","",IFERROR(INDEX(Planting_Log!$G$5:$G$60,MATCH($B10,Planting_Log!$A$5:$A$60,0)),"")) -> 500 | R10: =IF($B10="","",SUMIFS($K$5:$K$200,$B$5:$B$200,$B10,$C$5:$C$200,"<"&$C10)) -> 0 | S10: =IF(Q10="","",Q10+R10) -> 500 | T10: =IF(OR(S10="",S10=0),"",F10/S10) -> 0.66 | U10: =IF(OR(Q10="",Q10=0),"",F10/Q10) -> 0.66 | V10: =IF($B10="","",IF(COUNTIFS($B$5:$B$200,$B10,$C$5:$C$200,"<"&$C10)=0,"",SUMPRODUCT(MAX(($B$5:$B$200=$B10)*($C$5:$C$200<$C10)*$C$5:$C$200)))) -> 45979 | W10: =IF(V10="","",SUMIFS($F$5:$F$200,$B$5:$B$200,$B10,$C$5:$C$200,V10)) -> 440 | X10: =IF($B10="","",IF(V10="",0,SUMIFS($K$5:$K$200,$B$5:$B$200,$B10,$C$5:$C$200,">="&V10,$C$5:$C$200,"<"&$C10))) -> 0 | Y10: =IF($B10="","",MID(IF(M10="","; Unknown plot","")&IF(N10="","",IF(C10<N10,"; Visit before planting",""))&IF(S10="","",IF(F10+G10+H10<>S10,"; Count mismatch",""))&IF(W10="","",IF(F10>W10+X10,"; Alive rose without replanting",""))&IF(COUNTIFS($B$5:$B$200,$B10,$C$5:$C$200,$C10)>1,"; Duplicate visit","")&IF(J10="","",IF(OR(J10<HMin,J10>HMax),"; Height out of range",""))&IF(E10="","; No observer","")&IF(G10+H10>0,IF(I10="","; Loss without cause",""),""),3,300)) | Z10: =IF($B10="","",IF(Y10="",0,1+LEN(Y10)-LEN(SUBSTITUTE(Y10,";","")))) -> 0
A11: V007 | B11: A02 | C11: 46130 | D11: Census | E11: FS-1 (field staff) | F11: 245 | G11: 150 | H11: 105 | I11: Barnacles | J11: 62 | K11: 0 | L11: Heavy barnacle load | M11: =IF($B11="","",IFERROR(INDEX(Planting_Log!$B$5:$B$60,MATCH($B11,Planting_Log!$A$5:$A$60,0)),"")) -> Site A - seaward fringe | N11: =IF($B11="","",IFERROR(INDEX(Planting_Log!$D$5:$D$60,MATCH($B11,Planting_Log!$A$5:$A$60,0)),"")) -> 45948 | O11: =IF(OR(N11="",C11=""),"",ROUND((C11-N11)/30.44,1)) -> 6 | P11: =IF(O11="","",IF(O11<2,1,IF(O11<4.5,3,IF(O11<7.5,6,IF(O11<10.5,9,12))))) -> 6 | Q11: =IF($B11="","",IFERROR(INDEX(Planting_Log!$G$5:$G$60,MATCH($B11,Planting_Log!$A$5:$A$60,0)),"")) -> 500 | R11: =IF($B11="","",SUMIFS($K$5:$K$200,$B$5:$B$200,$B11,$C$5:$C$200,"<"&$C11)) -> 0 | S11: =IF(Q11="","",Q11+R11) -> 500 | T11: =IF(OR(S11="",S11=0),"",F11/S11) -> 0.49 | U11: =IF(OR(Q11="",Q11=0),"",F11/Q11) -> 0.49 | V11: =IF($B11="","",IF(COUNTIFS($B$5:$B$200,$B11,$C$5:$C$200,"<"&$C11)=0,"",SUMPRODUCT(MAX(($B$5:$B$200=$B11)*($C$5:$C$200<$C11)*$C$5:$C$200)))) -> 46039 | W11: =IF(V11="","",SUMIFS($F$5:$F$200,$B$5:$B$200,$B11,$C$5:$C$200,V11)) -> 330 | X11: =IF($B11="","",IF(V11="",0,SUMIFS($K$5:$K$200,$B$5:$B$200,$B11,$C$5:$C$200,">="&V11,$C$5:$C$200,"<"&$C11))) -> 0 | Y11: =IF($B11="","",MID(IF(M11="","; Unknown plot","")&IF(N11="","",IF(C11<N11,"; Visit before planting",""))&IF(S11="","",IF(F11+G11+H11<>S11,"; Count mismatch",""))&IF(W11="","",IF(F11>W11+X11,"; Alive rose without replanting",""))&IF(COUNTIFS($B$5:$B$200,$B11,$C$5:$C$200,$C11)>1,"; Duplicate visit","")&IF(J11="","",IF(OR(J11<HMin,J11>HMax),"; Height out of range",""))&IF(E11="","; No observer","")&IF(G11+H11>0,IF(I11="","; Loss without cause",""),""),3,300)) | Z11: =IF($B11="","",IF(Y11="",0,1+LEN(Y11)-LEN(SUBSTITUTE(Y11,";","")))) -> 0
A12: V008 | B12: A02 | C12: 46158 | D12: Replanting | E12: PL-1 (partner lead) | F12: 243 | G12: 152 | H12: 105 | I12: Barnacles | J12: 63 | K12: 157 | L12: Stems cleaned before replanting | M12: =IF($B12="","",IFERROR(INDEX(Planting_Log!$B$5:$B$60,MATCH($B12,Planting_Log!$A$5:$A$60,0)),"")) -> Site A - seaward fringe | N12: =IF($B12="","",IFERROR(INDEX(Planting_Log!$D$5:$D$60,MATCH($B12,Planting_Log!$A$5:$A$60,0)),"")) -> 45948 | O12: =IF(OR(N12="",C12=""),"",ROUND((C12-N12)/30.44,1)) -> 6.9 | P12: =IF(O12="","",IF(O12<2,1,IF(O12<4.5,3,IF(O12<7.5,6,IF(O12<10.5,9,12))))) -> 6 | Q12: =IF($B12="","",IFERROR(INDEX(Planting_Log!$G$5:$G$60,MATCH($B12,Planting_Log!$A$5:$A$60,0)),"")) -> 500 | R12: =IF($B12="","",SUMIFS($K$5:$K$200,$B$5:$B$200,$B12,$C$5:$C$200,"<"&$C12)) -> 0 | S12: =IF(Q12="","",Q12+R12) -> 500 | T12: =IF(OR(S12="",S12=0),"",F12/S12) -> 0.486 | U12: =IF(OR(Q12="",Q12=0),"",F12/Q12) -> 0.486 | V12: =IF($B12="","",IF(COUNTIFS($B$5:$B$200,$B12,$C$5:$C$200,"<"&$C12)=0,"",SUMPRODUCT(MAX(($B$5:$B$200=$B12)*($C$5:$C$200<$C12)*$C$5:$C$200)))) -> 46130 | W12: =IF(V12="","",SUMIFS($F$5:$F$200,$B$5:$B$200,$B12,$C$5:$C$200,V12)) -> 245 | X12: =IF($B12="","",IF(V12="",0,SUMIFS($K$5:$K$200,$B$5:$B$200,$B12,$C$5:$C$200,">="&V12,$C$5:$C$200,"<"&$C12))) -> 0 | Y12: =IF($B12="","",MID(IF(M12="","; Unknown plot","")&IF(N12="","",IF(C12<N12,"; Visit before planting",""))&IF(S12="","",IF(F12+G12+H12<>S12,"; Count mismatch",""))&IF(W12="","",IF(F12>W12+X12,"; Alive rose without replanting",""))&IF(COUNTIFS($B$5:$B$200,$B12,$C$5:$C$200,$C12)>1,"; Duplicate visit","")&IF(J12="","",IF(OR(J12<HMin,J12>HMax),"; Height out of range",""))&IF(E12="","; No observer","")&IF(G12+H12>0,IF(I12="","; Loss without cause",""),""),3,300)) | Z12: =IF($B12="","",IF(Y12="",0,1+LEN(Y12)-LEN(SUBSTITUTE(Y12,";","")))) -> 0
A13: V009 | B13: A02 | C13: 46221 | D13: Follow-up | E13: FS-2 (field staff) | F13: 372 | G13: 170 | H13: 115 | I13: Barnacles | J13: 70 | K13: 0 | L13: Replanted seedlings mostly alive | M13: =IF($B13="","",IFERROR(INDEX(Planting_Log!$B$5:$B$60,MATCH($B13,Planting_Log!$A$5:$A$60,0)),"")) -> Site A - seaward fringe | N13: =IF($B13="","",IFERROR(INDEX(Planting_Log!$D$5:$D$60,MATCH($B13,Planting_Log!$A$5:$A$60,0)),"")) -> 45948 | O13: =IF(OR(N13="",C13=""),"",ROUND((C13-N13)/30.44,1)) -> 9 | P13: =IF(O13="","",IF(O13<2,1,IF(O13<4.5,3,IF(O13<7.5,6,IF(O13<10.5,9,12))))) -> 9 | Q13: =IF($B13="","",IFERROR(INDEX(Planting_Log!$G$5:$G$60,MATCH($B13,Planting_Log!$A$5:$A$60,0)),"")) -> 500 | R13: =IF($B13="","",SUMIFS($K$5:$K$200,$B$5:$B$200,$B13,$C$5:$C$200,"<"&$C13)) -> 157 | S13: =IF(Q13="","",Q13+R13) -> 657 | T13: =IF(OR(S13="",S13=0),"",F13/S13) -> 0.56621005 | U13: =IF(OR(Q13="",Q13=0),"",F13/Q13) -> 0.744 | V13: =IF($B13="","",IF(COUNTIFS($B$5:$B$200,$B13,$C$5:$C$200,"<"&$C13)=0,"",SUMPRODUCT(MAX(($B$5:$B$200=$B13)*($C$5:$C$200<$C13)*$C$5:$C$200)))) -> 46158 | W13: =IF(V13="","",SUMIFS($F$5:$F$200,$B$5:$B$200,$B13,$C$5:$C$200,V13)) -> 243 | X13: =IF($B13="","",IF(V13="",0,SUMIFS($K$5:$K$200,$B$5:$B$200,$B13,$C$5:$C$200,">="&V13,$C$5:$C$200,"<"&$C13))) -> 157 | Y13: =IF($B13="","",MID(IF(M13="","; Unknown plot","")&IF(N13="","",IF(C13<N13,"; Visit before planting",""))&IF(S13="","",IF(F13+G13+H13<>S13,"; Count mismatch",""))&IF(W13="","",IF(F13>W13+X13,"; Alive rose without replanting",""))&IF(COUNTIFS($B$5:$B$200,$B13,$C$5:$C$200,$C13)>1,"; Duplicate visit","")&IF(J13="","",IF(OR(J13<HMin,J13>HMax),"; Height out of range",""))&IF(E13="","; No observer","")&IF(G13+H13>0,IF(I13="","; Loss without cause",""),""),3,300)) | Z13: =IF($B13="","",IF(Y13="",0,1+LEN(Y13)-LEN(SUBSTITUTE(Y13,";","")))) -> 0
A14: V010 | B14: A03 | C14: 45979 | D14: Census | E14: FS-2 (field staff) | F14: 470 | G14: 20 | H14: 10 | I14: Sediment burial | J14: 49 | K14: 0 | M14: =IF($B14="","",IFERROR(INDEX(Planting_Log!$B$5:$B$60,MATCH($B14,Planting_Log!$A$5:$A$60,0)),"")) -> Site A - seaward fringe | N14: =IF($B14="","",IFERROR(INDEX(Planting_Log!$D$5:$D$60,MATCH($B14,Planting_Log!$A$5:$A$60,0)),"")) -> 45948 | O14: =IF(OR(N14="",C14=""),"",ROUND((C14-N14)/30.44,1)) -> 1 | P14: =IF(O14="","",IF(O14<2,1,IF(O14<4.5,3,IF(O14<7.5,6,IF(O14<10.5,9,12))))) -> 1 | Q14: =IF($B14="","",IFERROR(INDEX(Planting_Log!$G$5:$G$60,MATCH($B14,Planting_Log!$A$5:$A$60,0)),"")) -> 500 | R14: =IF($B14="","",SUMIFS($K$5:$K$200,$B$5:$B$200,$B14,$C$5:$C$200,"<"&$C14)) -> 0 | S14: =IF(Q14="","",Q14+R14) -> 500 | T14: =IF(OR(S14="",S14=0),"",F14/S14) -> 0.94 | U14: =IF(OR(Q14="",Q14=0),"",F14/Q14) -> 0.94 | V14: =IF($B14="","",IF(COUNTIFS($B$5:$B$200,$B14,$C$5:$C$200,"<"&$C14)=0,"",SUMPRODUCT(MAX(($B$5:$B$200=$B14)*($C$5:$C$200<$C14)*$C$5:$C$200)))) | W14: =IF(V14="","",SUMIFS($F$5:$F$200,$B$5:$B$200,$B14,$C$5:$C$200,V14)) | X14: =IF($B14="","",IF(V14="",0,SUMIFS($K$5:$K$200,$B$5:$B$200,$B14,$C$5:$C$200,">="&V14,$C$5:$C$200,"<"&$C14))) -> 0 | Y14: =IF($B14="","",MID(IF(M14="","; Unknown plot","")&IF(N14="","",IF(C14<N14,"; Visit before planting",""))&IF(S14="","",IF(F14+G14+H14<>S14,"; Count mismatch",""))&IF(W14="","",IF(F14>W14+X14,"; Alive rose without replanting",""))&IF(COUNTIFS($B$5:$B$200,$B14,$C$5:$C$200,$C14)>1,"; Duplicate visit","")&IF(J14="","",IF(OR(J14<HMin,J14>HMax),"; Height out of range",""))&IF(E14="","; No observer","")&IF(G14+H14>0,IF(I14="","; Loss without cause",""),""),3,300)) | Z14: =IF($B14="","",IF(Y14="",0,1+LEN(Y14)-LEN(SUBSTITUTE(Y14,";","")))) -> 0
A15: V011 | B15: A03 | C15: 46039 | D15: Census | E15: FS-2 (field staff) | F15: 410 | G15: 60 | H15: 50 | I15: Sediment burial | J15: 56 | K15: 0 | L15: Tally sheet re-added on the boat | M15: =IF($B15="","",IFERROR(INDEX(Planting_Log!$B$5:$B$60,MATCH($B15,Planting_Log!$A$5:$A$60,0)),"")) -> Site A - seaward fringe | N15: =IF($B15="","",IFERROR(INDEX(Planting_Log!$D$5:$D$60,MATCH($B15,Planting_Log!$A$5:$A$60,0)),"")) -> 45948 | O15: =IF(OR(N15="",C15=""),"",ROUND((C15-N15)/30.44,1)) -> 3 | P15: =IF(O15="","",IF(O15<2,1,IF(O15<4.5,3,IF(O15<7.5,6,IF(O15<10.5,9,12))))) -> 3 | Q15: =IF($B15="","",IFERROR(INDEX(Planting_Log!$G$5:$G$60,MATCH($B15,Planting_Log!$A$5:$A$60,0)),"")) -> 500 | R15: =IF($B15="","",SUMIFS($K$5:$K$200,$B$5:$B$200,$B15,$C$5:$C$200,"<"&$C15)) -> 0 | S15: =IF(Q15="","",Q15+R15) -> 500 | T15: =IF(OR(S15="",S15=0),"",F15/S15) -> 0.82 | U15: =IF(OR(Q15="",Q15=0),"",F15/Q15) -> 0.82 | V15: =IF($B15="","",IF(COUNTIFS($B$5:$B$200,$B15,$C$5:$C$200,"<"&$C15)=0,"",SUMPRODUCT(MAX(($B$5:$B$200=$B15)*($C$5:$C$200<$C15)*$C$5:$C$200)))) -> 45979 | W15: =IF(V15="","",SUMIFS($F$5:$F$200,$B$5:$B$200,$B15,$C$5:$C$200,V15)) -> 470 | X15: =IF($B15="","",IF(V15="",0,SUMIFS($K$5:$K$200,$B$5:$B$200,$B15,$C$5:$C$200,">="&V15,$C$5:$C$200,"<"&$C15))) -> 0 | Y15: =IF($B15="","",MID(IF(M15="","; Unknown plot","")&IF(N15="","",IF(C15<N15,"; Visit before planting",""))&IF(S15="","",IF(F15+G15+H15<>S15,"; Count mismatch",""))&IF(W15="","",IF(F15>W15+X15,"; Alive rose without replanting",""))&IF(COUNTIFS($B$5:$B$200,$B15,$C$5:$C$200,$C15)>1,"; Duplicate visit","")&IF(J15="","",IF(OR(J15<HMin,J15>HMax),"; Height out of range",""))&IF(E15="","; No observer","")&IF(G15+H15>0,IF(I15="","; Loss without cause",""),""),3,300)) -> Count mismatch | Z15: =IF($B15="","",IF(Y15="",0,1+LEN(Y15)-LEN(SUBSTITUTE(Y15,";","")))) -> 1
A16: V012 | B16: A03 | C16: 46130 | D16: Census | E16: FS-2 (field staff) | F16: 365 | G16: 95 | H16: 40 | I16: Barnacles | J16: 66 | K16: 0 | M16: =IF($B16="","",IFERROR(INDEX(Planting_Log!$B$5:$B$60,MATCH($B16,Planting_Log!$A$5:$A$60,0)),"")) -> Site A - seaward fringe | N16: =IF($B16="","",IFERROR(INDEX(Planting_Log!$D$5:$D$60,MATCH($B16,Planting_Log!$A$5:$A$60,0)),"")) -> 45948 | O16: =IF(OR(N16="",C16=""),"",ROUND((C16-N16)/30.44,1)) -> 6 | P16: =IF(O16="","",IF(O16<2,1,IF(O16<4.5,3,IF(O16<7.5,6,IF(O16<10.5,9,12))))) -> 6 | Q16: =IF($B16="","",IFERROR(INDEX(Planting_Log!$G$5:$G$60,MATCH($B16,Planting_Log!$A$5:$A$60,0)),"")) -> 500 | R16: =IF($B16="","",SUMIFS($K$5:$K$200,$B$5:$B$200,$B16,$C$5:$C$200,"<"&$C16)) -> 0 | S16: =IF(Q16="","",Q16+R16) -> 500 | T16: =IF(OR(S16="",S16=0),"",F16/S16) -> 0.73 | U16: =IF(OR(Q16="",Q16=0),"",F16/Q16) -> 0.73 | V16: =IF($B16="","",IF(COUNTIFS($B$5:$B$200,$B16,$C$5:$C$200,"<"&$C16)=0,"",SUMPRODUCT(MAX(($B$5:$B$200=$B16)*($C$5:$C$200<$C16)*$C$5:$C$200)))) -> 46039 | W16: =IF(V16="","",SUMIFS($F$5:$F$200,$B$5:$B$200,$B16,$C$5:$C$200,V16)) -> 410 | X16: =IF($B16="","",IF(V16="",0,SUMIFS($K$5:$K$200,$B$5:$B$200,$B16,$C$5:$C$200,">="&V16,$C$5:$C$200,"<"&$C16))) -> 0 | Y16: =IF($B16="","",MID(IF(M16="","; Unknown plot","")&IF(N16="","",IF(C16<N16,"; Visit before planting",""))&IF(S16="","",IF(F16+G16+H16<>S16,"; Count mismatch",""))&IF(W16="","",IF(F16>W16+X16,"; Alive rose without replanting",""))&IF(COUNTIFS($B$5:$B$200,$B16,$C$5:$C$200,$C16)>1,"; Duplicate visit","")&IF(J16="","",IF(OR(J16<HMin,J16>HMax),"; Height out of range",""))&IF(E16="","; No observer","")&IF(G16+H16>0,IF(I16="","; Loss without cause",""),""),3,300)) | Z16: =IF($B16="","",IF(Y16="",0,1+LEN(Y16)-LEN(SUBSTITUTE(Y16,";","")))) -> 0
A17: V013 | B17: A04 | C17: 45980 | D17: Census | E17: FS-2 (field staff) | F17: 425 | G17: 15 | H17: 10 | I17: Wave/scour | J17: 48 | K17: 0 | M17: =IF($B17="","",IFERROR(INDEX(Planting_Log!$B$5:$B$60,MATCH($B17,Planting_Log!$A$5:$A$60,0)),"")) -> Site A - seaward fringe | N17: =IF($B17="","",IFERROR(INDEX(Planting_Log!$D$5:$D$60,MATCH($B17,Planting_Log!$A$5:$A$60,0)),"")) -> 45949 | O17: =IF(OR(N17="",C17=""),"",ROUND((C17-N17)/30.44,1)) -> 1 | P17: =IF(O17="","",IF(O17<2,1,IF(O17<4.5,3,IF(O17<7.5,6,IF(O17<10.5,9,12))))) -> 1 | Q17: =IF($B17="","",IFERROR(INDEX(Planting_Log!$G$5:$G$60,MATCH($B17,Planting_Log!$A$5:$A$60,0)),"")) -> 450 | R17: =IF($B17="","",SUMIFS($K$5:$K$200,$B$5:$B$200,$B17,$C$5:$C$200,"<"&$C17)) -> 0 | S17: =IF(Q17="","",Q17+R17) -> 450 | T17: =IF(OR(S17="",S17=0),"",F17/S17) -> 0.94444444 | U17: =IF(OR(Q17="",Q17=0),"",F17/Q17) -> 0.94444444 | V17: =IF($B17="","",IF(COUNTIFS($B$5:$B$200,$B17,$C$5:$C$200,"<"&$C17)=0,"",SUMPRODUCT(MAX(($B$5:$B$200=$B17)*($C$5:$C$200<$C17)*$C$5:$C$200)))) | W17: =IF(V17="","",SUMIFS($F$5:$F$200,$B$5:$B$200,$B17,$C$5:$C$200,V17)) | X17: =IF($B17="","",IF(V17="",0,SUMIFS($K$5:$K$200,$B$5:$B$200,$B17,$C$5:$C$200,">="&V17,$C$5:$C$200,"<"&$C17))) -> 0 | Y17: =IF($B17="","",MID(IF(M17="","; Unknown plot","")&IF(N17="","",IF(C17<N17,"; Visit before planting",""))&IF(S17="","",IF(F17+G17+H17<>S17,"; Count mismatch",""))&IF(W17="","",IF(F17>W17+X17,"; Alive rose without replanting",""))&IF(COUNTIFS($B$5:$B$200,$B17,$C$5:$C$200,$C17)>1,"; Duplicate visit","")&IF(J17="","",IF(OR(J17<HMin,J17>HMax),"; Height out of range",""))&IF(E17="","; No observer","")&IF(G17+H17>0,IF(I17="","; Loss without cause",""),""),3,300)) | Z17: =IF($B17="","",IF(Y17="",0,1+LEN(Y17)-LEN(SUBSTITUTE(Y17,";","")))) -> 0
A18: V014 | B18: A04 | C18: 46039 | D18: Census | E18: FS-2 (field staff) | F18: 380 | G18: 45 | H18: 25 | I18: Wave/scour | J18: 55 | K18: 0 | M18: =IF($B18="","",IFERROR(INDEX(Planting_Log!$B$5:$B$60,MATCH($B18,Planting_Log!$A$5:$A$60,0)),"")) -> Site A - seaward fringe | N18: =IF($B18="","",IFERROR(INDEX(Planting_Log!$D$5:$D$60,MATCH($B18,Planting_Log!$A$5:$A$60,0)),"")) -> 45949 | O18: =IF(OR(N18="",C18=""),"",ROUND((C18-N18)/30.44,1)) -> 3 | P18: =IF(O18="","",IF(O18<2,1,IF(O18<4.5,3,IF(O18<7.5,6,IF(O18<10.5,9,12))))) -> 3 | Q18: =IF($B18="","",IFERROR(INDEX(Planting_Log!$G$5:$G$60,MATCH($B18,Planting_Log!$A$5:$A$60,0)),"")) -> 450 | R18: =IF($B18="","",SUMIFS($K$5:$K$200,$B$5:$B$200,$B18,$C$5:$C$200,"<"&$C18)) -> 0 | S18: =IF(Q18="","",Q18+R18) -> 450 | T18: =IF(OR(S18="",S18=0),"",F18/S18) -> 0.84444444 | U18: =IF(OR(Q18="",Q18=0),"",F18/Q18) -> 0.84444444 | V18: =IF($B18="","",IF(COUNTIFS($B$5:$B$200,$B18,$C$5:$C$200,"<"&$C18)=0,"",SUMPRODUCT(MAX(($B$5:$B$200=$B18)*($C$5:$C$200<$C18)*$C$5:$C$200)))) -> 45980 | W18: =IF(V18="","",SUMIFS($F$5:$F$200,$B$5:$B$200,$B18,$C$5:$C$200,V18)) -> 425 | X18: =IF($B18="","",IF(V18="",0,SUMIFS($K$5:$K$200,$B$5:$B$200,$B18,$C$5:$C$200,">="&V18,$C$5:$C$200,"<"&$C18))) -> 0 | Y18: =IF($B18="","",MID(IF(M18="","; Unknown plot","")&IF(N18="","",IF(C18<N18,"; Visit before planting",""))&IF(S18="","",IF(F18+G18+H18<>S18,"; Count mismatch",""))&IF(W18="","",IF(F18>W18+X18,"; Alive rose without replanting",""))&IF(COUNTIFS($B$5:$B$200,$B18,$C$5:$C$200,$C18)>1,"; Duplicate visit","")&IF(J18="","",IF(OR(J18<HMin,J18>HMax),"; Height out of range",""))&IF(E18="","; No observer","")&IF(G18+H18>0,IF(I18="","; Loss without cause",""),""),3,300)) | Z18: =IF($B18="","",IF(Y18="",0,1+LEN(Y18)-LEN(SUBSTITUTE(Y18,";","")))) -> 0
A19: V015 | B19: A04 | C19: 46130 | D19: Census | E19: FS-2 (field staff) | F19: 300 | G19: 95 | H19: 55 | I19: Barnacles | J19: 65 | K19: 0 | M19: =IF($B19="","",IFERROR(INDEX(Planting_Log!$B$5:$B$60,MATCH($B19,Planting_Log!$A$5:$A$60,0)),"")) -> Site A - seaward fringe | N19: =IF($B19="","",IFERROR(INDEX(Planting_Log!$D$5:$D$60,MATCH($B19,Planting_Log!$A$5:$A$60,0)),"")) -> 45949 | O19: =IF(OR(N19="",C19=""),"",ROUND((C19-N19)/30.44,1)) -> 5.9 | P19: =IF(O19="","",IF(O19<2,1,IF(O19<4.5,3,IF(O19<7.5,6,IF(O19<10.5,9,12))))) -> 6 | Q19: =IF($B19="","",IFERROR(INDEX(Planting_Log!$G$5:$G$60,MATCH($B19,Planting_Log!$A$5:$A$60,0)),"")) -> 450 | R19: =IF($B19="","",SUMIFS($K$5:$K$200,$B$5:$B$200,$B19,$C$5:$C$200,"<"&$C19)) -> 0 | S19: =IF(Q19="","",Q19+R19) -> 450 | T19: =IF(OR(S19="",S19=0),"",F19/S19) -> 0.66666667 | U19: =IF(OR(Q19="",Q19=0),"",F19/Q19) -> 0.66666667 | V19: =IF($B19="","",IF(COUNTIFS($B$5:$B$200,$B19,$C$5:$C$200,"<"&$C19)=0,"",SUMPRODUCT(MAX(($B$5:$B$200=$B19)*($C$5:$C$200<$C19)*$C$5:$C$200)))) -> 46039 | W19: =IF(V19="","",SUMIFS($F$5:$F$200,$B$5:$B$200,$B19,$C$5:$C$200,V19)) -> 380 | X19: =IF($B19="","",IF(V19="",0,SUMIFS($K$5:$K$200,$B$5:$B$200,$B19,$C$5:$C$200,">="&V19,$C$5:$C$200,"<"&$C19))) -> 0 | Y19: =IF($B19="","",MID(IF(M19="","; Unknown plot","")&IF(N19="","",IF(C19<N19,"; Visit before planting",""))&IF(S19="","",IF(F19+G19+H19<>S19,"; Count mismatch",""))&IF(W19="","",IF(F19>W19+X19,"; Alive rose without replanting",""))&IF(COUNTIFS($B$5:$B$200,$B19,$C$5:$C$200,$C19)>1,"; Duplicate visit","")&IF(J19="","",IF(OR(J19<HMin,J19>HMax),"; Height out of range",""))&IF(E19="","; No observer","")&IF(G19+H19>0,IF(I19="","; Loss without cause",""),""),3,300)) | Z19: =IF($B19="","",IF(Y19="",0,1+LEN(Y19)-LEN(SUBSTITUTE(Y19,";","")))) -> 0
A20: V016 | B20: B01 | C20: 46077 | D20: Census | E20: PL-2 (partner lead) | F20: 575 | G20: 15 | H20: 10 | J20: 46 | K20: 0 | M20: =IF($B20="","",IFERROR(INDEX(Planting_Log!$B$5:$B$60,MATCH($B20,Planting_Log!$A$5:$A$60,0)),"")) -> Site B - pond dyke | N20: =IF($B20="","",IFERROR(INDEX(Planting_Log!$D$5:$D$60,MATCH($B20,Planting_Log!$A$5:$A$60,0)),"")) -> 46046 | O20: =IF(OR(N20="",C20=""),"",ROUND((C20-N20)/30.44,1)) -> 1 | P20: =IF(O20="","",IF(O20<2,1,IF(O20<4.5,3,IF(O20<7.5,6,IF(O20<10.5,9,12))))) -> 1 | Q20: =IF($B20="","",IFERROR(INDEX(Planting_Log!$G$5:$G$60,MATCH($B20,Planting_Log!$A$5:$A$60,0)),"")) -> 600 | R20: =IF($B20="","",SUMIFS($K$5:$K$200,$B$5:$B$200,$B20,$C$5:$C$200,"<"&$C20)) -> 0 | S20: =IF(Q20="","",Q20+R20) -> 600 | T20: =IF(OR(S20="",S20=0),"",F20/S20) -> 0.95833333 | U20: =IF(OR(Q20="",Q20=0),"",F20/Q20) -> 0.95833333 | V20: =IF($B20="","",IF(COUNTIFS($B$5:$B$200,$B20,$C$5:$C$200,"<"&$C20)=0,"",SUMPRODUCT(MAX(($B$5:$B$200=$B20)*($C$5:$C$200<$C20)*$C$5:$C$200)))) | W20: =IF(V20="","",SUMIFS($F$5:$F$200,$B$5:$B$200,$B20,$C$5:$C$200,V20)) | X20: =IF($B20="","",IF(V20="",0,SUMIFS($K$5:$K$200,$B$5:$B$200,$B20,$C$5:$C$200,">="&V20,$C$5:$C$200,"<"&$C20))) -> 0 | Y20: =IF($B20="","",MID(IF(M20="","; Unknown plot","")&IF(N20="","",IF(C20<N20,"; Visit before planting",""))&IF(S20="","",IF(F20+G20+H20<>S20,"; Count mismatch",""))&IF(W20="","",IF(F20>W20+X20,"; Alive rose without replanting",""))&IF(COUNTIFS($B$5:$B$200,$B20,$C$5:$C$200,$C20)>1,"; Duplicate visit","")&IF(J20="","",IF(OR(J20<HMin,J20>HMax),"; Height out of range",""))&IF(E20="","; No observer","")&IF(G20+H20>0,IF(I20="","; Loss without cause",""),""),3,300)) -> Loss without cause | Z20: =IF($B20="","",IF(Y20="",0,1+LEN(Y20)-LEN(SUBSTITUTE(Y20,";","")))) -> 1
A21: V017 | B21: B01 | C21: 46137 | D21: Census | E21: PL-2 (partner lead) | F21: 540 | G21: 35 | H21: 25 | I21: Crab damage | J21: 52 | K21: 0 | M21: =IF($B21="","",IFERROR(INDEX(Planting_Log!$B$5:$B$60,MATCH($B21,Planting_Log!$A$5:$A$60,0)),"")) -> Site B - pond dyke | N21: =IF($B21="","",IFERROR(INDEX(Planting_Log!$D$5:$D$60,MATCH($B21,Planting_Log!$A$5:$A$60,0)),"")) -> 46046 | O21: =IF(OR(N21="",C21=""),"",ROUND((C21-N21)/30.44,1)) -> 3 | P21: =IF(O21="","",IF(O21<2,1,IF(O21<4.5,3,IF(O21<7.5,6,IF(O21<10.5,9,12))))) -> 3 | Q21: =IF($B21="","",IFERROR(INDEX(Planting_Log!$G$5:$G$60,MATCH($B21,Planting_Log!$A$5:$A$60,0)),"")) -> 600 | R21: =IF($B21="","",SUMIFS($K$5:$K$200,$B$5:$B$200,$B21,$C$5:$C$200,"<"&$C21)) -> 0 | S21: =IF(Q21="","",Q21+R21) -> 600 | T21: =IF(OR(S21="",S21=0),"",F21/S21) -> 0.9 | U21: =IF(OR(Q21="",Q21=0),"",F21/Q21) -> 0.9 | V21: =IF($B21="","",IF(COUNTIFS($B$5:$B$200,$B21,$C$5:$C$200,"<"&$C21)=0,"",SUMPRODUCT(MAX(($B$5:$B$200=$B21)*($C$5:$C$200<$C21)*$C$5:$C$200)))) -> 46077 | W21: =IF(V21="","",SUMIFS($F$5:$F$200,$B$5:$B$200,$B21,$C$5:$C$200,V21)) -> 575 | X21: =IF($B21="","",IF(V21="",0,SUMIFS($K$5:$K$200,$B$5:$B$200,$B21,$C$5:$C$200,">="&V21,$C$5:$C$200,"<"&$C21))) -> 0 | Y21: =IF($B21="","",MID(IF(M21="","; Unknown plot","")&IF(N21="","",IF(C21<N21,"; Visit before planting",""))&IF(S21="","",IF(F21+G21+H21<>S21,"; Count mismatch",""))&IF(W21="","",IF(F21>W21+X21,"; Alive rose without replanting",""))&IF(COUNTIFS($B$5:$B$200,$B21,$C$5:$C$200,$C21)>1,"; Duplicate visit","")&IF(J21="","",IF(OR(J21<HMin,J21>HMax),"; Height out of range",""))&IF(E21="","; No observer","")&IF(G21+H21>0,IF(I21="","; Loss without cause",""),""),3,300)) | Z21: =IF($B21="","",IF(Y21="",0,1+LEN(Y21)-LEN(SUBSTITUTE(Y21,";","")))) -> 0
A22: V018 | B22: B01 | C22: 46228 | D22: Census | E22: FS-1 (field staff) | F22: 510 | G22: 55 | H22: 35 | I22: Crab damage | J22: 63 | K22: 0 | M22: =IF($B22="","",IFERROR(INDEX(Planting_Log!$B$5:$B$60,MATCH($B22,Planting_Log!$A$5:$A$60,0)),"")) -> Site B - pond dyke | N22: =IF($B22="","",IFERROR(INDEX(Planting_Log!$D$5:$D$60,MATCH($B22,Planting_Log!$A$5:$A$60,0)),"")) -> 46046 | O22: =IF(OR(N22="",C22=""),"",ROUND((C22-N22)/30.44,1)) -> 6 | P22: =IF(O22="","",IF(O22<2,1,IF(O22<4.5,3,IF(O22<7.5,6,IF(O22<10.5,9,12))))) -> 6 | Q22: =IF($B22="","",IFERROR(INDEX(Planting_Log!$G$5:$G$60,MATCH($B22,Planting_Log!$A$5:$A$60,0)),"")) -> 600 | R22: =IF($B22="","",SUMIFS($K$5:$K$200,$B$5:$B$200,$B22,$C$5:$C$200,"<"&$C22)) -> 0 | S22: =IF(Q22="","",Q22+R22) -> 600 | T22: =IF(OR(S22="",S22=0),"",F22/S22) -> 0.85 | U22: =IF(OR(Q22="",Q22=0),"",F22/Q22) -> 0.85 | V22: =IF($B22="","",IF(COUNTIFS($B$5:$B$200,$B22,$C$5:$C$200,"<"&$C22)=0,"",SUMPRODUCT(MAX(($B$5:$B$200=$B22)*($C$5:$C$200<$C22)*$C$5:$C$200)))) -> 46137 | W22: =IF(V22="","",SUMIFS($F$5:$F$200,$B$5:$B$200,$B22,$C$5:$C$200,V22)) -> 540 | X22: =IF($B22="","",IF(V22="",0,SUMIFS($K$5:$K$200,$B$5:$B$200,$B22,$C$5:$C$200,">="&V22,$C$5:$C$200,"<"&$C22))) -> 0 | Y22: =IF($B22="","",MID(IF(M22="","; Unknown plot","")&IF(N22="","",IF(C22<N22,"; Visit before planting",""))&IF(S22="","",IF(F22+G22+H22<>S22,"; Count mismatch",""))&IF(W22="","",IF(F22>W22+X22,"; Alive rose without replanting",""))&IF(COUNTIFS($B$5:$B$200,$B22,$C$5:$C$200,$C22)>1,"; Duplicate visit","")&IF(J22="","",IF(OR(J22<HMin,J22>HMax),"; Height out of range",""))&IF(E22="","; No observer","")&IF(G22+H22>0,IF(I22="","; Loss without cause",""),""),3,300)) | Z22: =IF($B22="","",IF(Y22="",0,1+LEN(Y22)-LEN(SUBSTITUTE(Y22,";","")))) -> 0
A23: V019 | B23: B02 | C23: 46077 | D23: Census | E23: PL-2 (partner lead) | F23: 580 | G23: 12 | H23: 8 | I23: Crab damage | J23: 47 | K23: 0 | M23: =IF($B23="","",IFERROR(INDEX(Planting_Log!$B$5:$B$60,MATCH($B23,Planting_Log!$A$5:$A$60,0)),"")) -> Site B - pond dyke | N23: =IF($B23="","",IFERROR(INDEX(Planting_Log!$D$5:$D$60,MATCH($B23,Planting_Log!$A$5:$A$60,0)),"")) -> 46046 | O23: =IF(OR(N23="",C23=""),"",ROUND((C23-N23)/30.44,1)) -> 1 | P23: =IF(O23="","",IF(O23<2,1,IF(O23<4.5,3,IF(O23<7.5,6,IF(O23<10.5,9,12))))) -> 1 | Q23: =IF($B23="","",IFERROR(INDEX(Planting_Log!$G$5:$G$60,MATCH($B23,Planting_Log!$A$5:$A$60,0)),"")) -> 600 | R23: =IF($B23="","",SUMIFS($K$5:$K$200,$B$5:$B$200,$B23,$C$5:$C$200,"<"&$C23)) -> 0 | S23: =IF(Q23="","",Q23+R23) -> 600 | T23: =IF(OR(S23="",S23=0),"",F23/S23) -> 0.96666667 | U23: =IF(OR(Q23="",Q23=0),"",F23/Q23) -> 0.96666667 | V23: =IF($B23="","",IF(COUNTIFS($B$5:$B$200,$B23,$C$5:$C$200,"<"&$C23)=0,"",SUMPRODUCT(MAX(($B$5:$B$200=$B23)*($C$5:$C$200<$C23)*$C$5:$C$200)))) | W23: =IF(V23="","",SUMIFS($F$5:$F$200,$B$5:$B$200,$B23,$C$5:$C$200,V23)) | X23: =IF($B23="","",IF(V23="",0,SUMIFS($K$5:$K$200,$B$5:$B$200,$B23,$C$5:$C$200,">="&V23,$C$5:$C$200,"<"&$C23))) -> 0 | Y23: =IF($B23="","",MID(IF(M23="","; Unknown plot","")&IF(N23="","",IF(C23<N23,"; Visit before planting",""))&IF(S23="","",IF(F23+G23+H23<>S23,"; Count mismatch",""))&IF(W23="","",IF(F23>W23+X23,"; Alive rose without replanting",""))&IF(COUNTIFS($B$5:$B$200,$B23,$C$5:$C$200,$C23)>1,"; Duplicate visit","")&IF(J23="","",IF(OR(J23<HMin,J23>HMax),"; Height out of range",""))&IF(E23="","; No observer","")&IF(G23+H23>0,IF(I23="","; Loss without cause",""),""),3,300)) | Z23: =IF($B23="","",IF(Y23="",0,1+LEN(Y23)-LEN(SUBSTITUTE(Y23,";","")))) -> 0
A24: V020 | B24: B02 | C24: 46137 | D24: Census | E24: PL-2 (partner lead) | F24: 545 | G24: 35 | H24: 20 | I24: Crab damage | J24: 53 | K24: 0 | M24: =IF($B24="","",IFERROR(INDEX(Planting_Log!$B$5:$B$60,MATCH($B24,Planting_Log!$A$5:$A$60,0)),"")) -> Site B - pond dyke | N24: =IF($B24="","",IFERROR(INDEX(Planting_Log!$D$5:$D$60,MATCH($B24,Planting_Log!$A$5:$A$60,0)),"")) -> 46046 | O24: =IF(OR(N24="",C24=""),"",ROUND((C24-N24)/30.44,1)) -> 3 | P24: =IF(O24="","",IF(O24<2,1,IF(O24<4.5,3,IF(O24<7.5,6,IF(O24<10.5,9,12))))) -> 3 | Q24: =IF($B24="","",IFERROR(INDEX(Planting_Log!$G$5:$G$60,MATCH($B24,Planting_Log!$A$5:$A$60,0)),"")) -> 600 | R24: =IF($B24="","",SUMIFS($K$5:$K$200,$B$5:$B$200,$B24,$C$5:$C$200,"<"&$C24)) -> 0 | S24: =IF(Q24="","",Q24+R24) -> 600 | T24: =IF(OR(S24="",S24=0),"",F24/S24) -> 0.90833333 | U24: =IF(OR(Q24="",Q24=0),"",F24/Q24) -> 0.90833333 | V24: =IF($B24="","",IF(COUNTIFS($B$5:$B$200,$B24,$C$5:$C$200,"<"&$C24)=0,"",SUMPRODUCT(MAX(($B$5:$B$200=$B24)*($C$5:$C$200<$C24)*$C$5:$C$200)))) -> 46077 | W24: =IF(V24="","",SUMIFS($F$5:$F$200,$B$5:$B$200,$B24,$C$5:$C$200,V24)) -> 580 | X24: =IF($B24="","",IF(V24="",0,SUMIFS($K$5:$K$200,$B$5:$B$200,$B24,$C$5:$C$200,">="&V24,$C$5:$C$200,"<"&$C24))) -> 0 | Y24: =IF($B24="","",MID(IF(M24="","; Unknown plot","")&IF(N24="","",IF(C24<N24,"; Visit before planting",""))&IF(S24="","",IF(F24+G24+H24<>S24,"; Count mismatch",""))&IF(W24="","",IF(F24>W24+X24,"; Alive rose without replanting",""))&IF(COUNTIFS($B$5:$B$200,$B24,$C$5:$C$200,$C24)>1,"; Duplicate visit","")&IF(J24="","",IF(OR(J24<HMin,J24>HMax),"; Height out of range",""))&IF(E24="","; No observer","")&IF(G24+H24>0,IF(I24="","; Loss without cause",""),""),3,300)) | Z24: =IF($B24="","",IF(Y24="",0,1+LEN(Y24)-LEN(SUBSTITUTE(Y24,";","")))) -> 0
A25: V021 | B25: B02 | C25: 46228 | D25: Census | E25: FS-1 (field staff) | F25: 562 | G25: 23 | H25: 15 | I25: Crab damage | J25: 62 | K25: 0 | M25: =IF($B25="","",IFERROR(INDEX(Planting_Log!$B$5:$B$60,MATCH($B25,Planting_Log!$A$5:$A$60,0)),"")) -> Site B - pond dyke | N25: =IF($B25="","",IFERROR(INDEX(Planting_Log!$D$5:$D$60,MATCH($B25,Planting_Log!$A$5:$A$60,0)),"")) -> 46046 | O25: =IF(OR(N25="",C25=""),"",ROUND((C25-N25)/30.44,1)) -> 6 | P25: =IF(O25="","",IF(O25<2,1,IF(O25<4.5,3,IF(O25<7.5,6,IF(O25<10.5,9,12))))) -> 6 | Q25: =IF($B25="","",IFERROR(INDEX(Planting_Log!$G$5:$G$60,MATCH($B25,Planting_Log!$A$5:$A$60,0)),"")) -> 600 | R25: =IF($B25="","",SUMIFS($K$5:$K$200,$B$5:$B$200,$B25,$C$5:$C$200,"<"&$C25)) -> 0 | S25: =IF(Q25="","",Q25+R25) -> 600 | T25: =IF(OR(S25="",S25=0),"",F25/S25) -> 0.93666667 | U25: =IF(OR(Q25="",Q25=0),"",F25/Q25) -> 0.93666667 | V25: =IF($B25="","",IF(COUNTIFS($B$5:$B$200,$B25,$C$5:$C$200,"<"&$C25)=0,"",SUMPRODUCT(MAX(($B$5:$B$200=$B25)*($C$5:$C$200<$C25)*$C$5:$C$200)))) -> 46137 | W25: =IF(V25="","",SUMIFS($F$5:$F$200,$B$5:$B$200,$B25,$C$5:$C$200,V25)) -> 545 | X25: =IF($B25="","",IF(V25="",0,SUMIFS($K$5:$K$200,$B$5:$B$200,$B25,$C$5:$C$200,">="&V25,$C$5:$C$200,"<"&$C25))) -> 0 | Y25: =IF($B25="","",MID(IF(M25="","; Unknown plot","")&IF(N25="","",IF(C25<N25,"; Visit before planting",""))&IF(S25="","",IF(F25+G25+H25<>S25,"; Count mismatch",""))&IF(W25="","",IF(F25>W25+X25,"; Alive rose without replanting",""))&IF(COUNTIFS($B$5:$B$200,$B25,$C$5:$C$200,$C25)>1,"; Duplicate visit","")&IF(J25="","",IF(OR(J25<HMin,J25>HMax),"; Height out of range",""))&IF(E25="","; No observer","")&IF(G25+H25>0,IF(I25="","; Loss without cause",""),""),3,300)) -> Alive rose without replanting | Z25: =IF($B25="","",IF(Y25="",0,1+LEN(Y25)-LEN(SUBSTITUTE(Y25,";","")))) -> 1
A26: V022 | B26: B03 | C26: 46077 | D26: Census | E26: PL-2 (partner lead) | F26: 520 | G26: 20 | H26: 10 | I26: Sediment burial | J26: 45 | K26: 0 | M26: =IF($B26="","",IFERROR(INDEX(Planting_Log!$B$5:$B$60,MATCH($B26,Planting_Log!$A$5:$A$60,0)),"")) -> Site B - pond dyke | N26: =IF($B26="","",IFERROR(INDEX(Planting_Log!$D$5:$D$60,MATCH($B26,Planting_Log!$A$5:$A$60,0)),"")) -> 46046 | O26: =IF(OR(N26="",C26=""),"",ROUND((C26-N26)/30.44,1)) -> 1 | P26: =IF(O26="","",IF(O26<2,1,IF(O26<4.5,3,IF(O26<7.5,6,IF(O26<10.5,9,12))))) -> 1 | Q26: =IF($B26="","",IFERROR(INDEX(Planting_Log!$G$5:$G$60,MATCH($B26,Planting_Log!$A$5:$A$60,0)),"")) -> 550 | R26: =IF($B26="","",SUMIFS($K$5:$K$200,$B$5:$B$200,$B26,$C$5:$C$200,"<"&$C26)) -> 0 | S26: =IF(Q26="","",Q26+R26) -> 550 | T26: =IF(OR(S26="",S26=0),"",F26/S26) -> 0.94545455 | U26: =IF(OR(Q26="",Q26=0),"",F26/Q26) -> 0.94545455 | V26: =IF($B26="","",IF(COUNTIFS($B$5:$B$200,$B26,$C$5:$C$200,"<"&$C26)=0,"",SUMPRODUCT(MAX(($B$5:$B$200=$B26)*($C$5:$C$200<$C26)*$C$5:$C$200)))) | W26: =IF(V26="","",SUMIFS($F$5:$F$200,$B$5:$B$200,$B26,$C$5:$C$200,V26)) | X26: =IF($B26="","",IF(V26="",0,SUMIFS($K$5:$K$200,$B$5:$B$200,$B26,$C$5:$C$200,">="&V26,$C$5:$C$200,"<"&$C26))) -> 0 | Y26: =IF($B26="","",MID(IF(M26="","; Unknown plot","")&IF(N26="","",IF(C26<N26,"; Visit before planting",""))&IF(S26="","",IF(F26+G26+H26<>S26,"; Count mismatch",""))&IF(W26="","",IF(F26>W26+X26,"; Alive rose without replanting",""))&IF(COUNTIFS($B$5:$B$200,$B26,$C$5:$C$200,$C26)>1,"; Duplicate visit","")&IF(J26="","",IF(OR(J26<HMin,J26>HMax),"; Height out of range",""))&IF(E26="","; No observer","")&IF(G26+H26>0,IF(I26="","; Loss without cause",""),""),3,300)) | Z26: =IF($B26="","",IF(Y26="",0,1+LEN(Y26)-LEN(SUBSTITUTE(Y26,";","")))) -> 0
A27: V023 | B27: B3 | C27: 46137 | D27: Census | E27: PL-2 (partner lead) | F27: 455 | G27: 60 | H27: 35 | I27: Sediment burial | J27: 51 | K27: 0 | M27: =IF($B27="","",IFERROR(INDEX(Planting_Log!$B$5:$B$60,MATCH($B27,Planting_Log!$A$5:$A$60,0)),"")) | N27: =IF($B27="","",IFERROR(INDEX(Planting_Log!$D$5:$D$60,MATCH($B27,Planting_Log!$A$5:$A$60,0)),"")) | O27: =IF(OR(N27="",C27=""),"",ROUND((C27-N27)/30.44,1)) | P27: =IF(O27="","",IF(O27<2,1,IF(O27<4.5,3,IF(O27<7.5,6,IF(O27<10.5,9,12))))) | Q27: =IF($B27="","",IFERROR(INDEX(Planting_Log!$G$5:$G$60,MATCH($B27,Planting_Log!$A$5:$A$60,0)),"")) | R27: =IF($B27="","",SUMIFS($K$5:$K$200,$B$5:$B$200,$B27,$C$5:$C$200,"<"&$C27)) -> 0 | S27: =IF(Q27="","",Q27+R27) | T27: =IF(OR(S27="",S27=0),"",F27/S27) | U27: =IF(OR(Q27="",Q27=0),"",F27/Q27) | V27: =IF($B27="","",IF(COUNTIFS($B$5:$B$200,$B27,$C$5:$C$200,"<"&$C27)=0,"",SUMPRODUCT(MAX(($B$5:$B$200=$B27)*($C$5:$C$200<$C27)*$C$5:$C$200)))) | W27: =IF(V27="","",SUMIFS($F$5:$F$200,$B$5:$B$200,$B27,$C$5:$C$200,V27)) | X27: =IF($B27="","",IF(V27="",0,SUMIFS($K$5:$K$200,$B$5:$B$200,$B27,$C$5:$C$200,">="&V27,$C$5:$C$200,"<"&$C27))) -> 0 | Y27: =IF($B27="","",MID(IF(M27="","; Unknown plot","")&IF(N27="","",IF(C27<N27,"; Visit before planting",""))&IF(S27="","",IF(F27+G27+H27<>S27,"; Count mismatch",""))&IF(W27="","",IF(F27>W27+X27,"; Alive rose without replanting",""))&IF(COUNTIFS($B$5:$B$200,$B27,$C$5:$C$200,$C27)>1,"; Duplicate visit","")&IF(J27="","",IF(OR(J27<HMin,J27>HMax),"; Height out of range",""))&IF(E27="","; No observer","")&IF(G27+H27>0,IF(I27="","; Loss without cause",""),""),3,300)) -> Unknown plot | Z27: =IF($B27="","",IF(Y27="",0,1+LEN(Y27)-LEN(SUBSTITUTE(Y27,";","")))) -> 1
A28: V024 | B28: B03 | C28: 46228 | D28: Census | E28: FS-1 (field staff) | F28: 365 | G28: 115 | H28: 70 | I28: Sediment burial | J28: 58 | K28: 0 | L28: Silt over the lower rows | M28: =IF($B28="","",IFERROR(INDEX(Planting_Log!$B$5:$B$60,MATCH($B28,Planting_Log!$A$5:$A$60,0)),"")) -> Site B - pond dyke | N28: =IF($B28="","",IFERROR(INDEX(Planting_Log!$D$5:$D$60,MATCH($B28,Planting_Log!$A$5:$A$60,0)),"")) -> 46046 | O28: =IF(OR(N28="",C28=""),"",ROUND((C28-N28)/30.44,1)) -> 6 | P28: =IF(O28="","",IF(O28<2,1,IF(O28<4.5,3,IF(O28<7.5,6,IF(O28<10.5,9,12))))) -> 6 | Q28: =IF($B28="","",IFERROR(INDEX(Planting_Log!$G$5:$G$60,MATCH($B28,Planting_Log!$A$5:$A$60,0)),"")) -> 550 | R28: =IF($B28="","",SUMIFS($K$5:$K$200,$B$5:$B$200,$B28,$C$5:$C$200,"<"&$C28)) -> 0 | S28: =IF(Q28="","",Q28+R28) -> 550 | T28: =IF(OR(S28="",S28=0),"",F28/S28) -> 0.66363636 | U28: =IF(OR(Q28="",Q28=0),"",F28/Q28) -> 0.66363636 | V28: =IF($B28="","",IF(COUNTIFS($B$5:$B$200,$B28,$C$5:$C$200,"<"&$C28)=0,"",SUMPRODUCT(MAX(($B$5:$B$200=$B28)*($C$5:$C$200<$C28)*$C$5:$C$200)))) -> 46077 | W28: =IF(V28="","",SUMIFS($F$5:$F$200,$B$5:$B$200,$B28,$C$5:$C$200,V28)) -> 520 | X28: =IF($B28="","",IF(V28="",0,SUMIFS($K$5:$K$200,$B$5:$B$200,$B28,$C$5:$C$200,">="&V28,$C$5:$C$200,"<"&$C28))) -> 0 | Y28: =IF($B28="","",MID(IF(M28="","; Unknown plot","")&IF(N28="","",IF(C28<N28,"; Visit before planting",""))&IF(S28="","",IF(F28+G28+H28<>S28,"; Count mismatch",""))&IF(W28="","",IF(F28>W28+X28,"; Alive rose without replanting",""))&IF(COUNTIFS($B$5:$B$200,$B28,$C$5:$C$200,$C28)>1,"; Duplicate visit","")&IF(J28="","",IF(OR(J28<HMin,J28>HMax),"; Height out of range",""))&IF(E28="","; No observer","")&IF(G28+H28>0,IF(I28="","; Loss without cause",""),""),3,300)) | Z28: =IF($B28="","",IF(Y28="",0,1+LEN(Y28)-LEN(SUBSTITUTE(Y28,";","")))) -> 0
A29: V025 | B29: B04 | C29: 46077 | D29: Census | E29: PL-2 (partner lead) | F29: 585 | G29: 10 | H29: 5 | I29: Crab damage | J29: 46 | K29: 0 | M29: =IF($B29="","",IFERROR(INDEX(Planting_Log!$B$5:$B$60,MATCH($B29,Planting_Log!$A$5:$A$60,0)),"")) -> Site B - pond dyke | N29: =IF($B29="","",IFERROR(INDEX(Planting_Log!$D$5:$D$60,MATCH($B29,Planting_Log!$A$5:$A$60,0)),"")) -> 46046 | O29: =IF(OR(N29="",C29=""),"",ROUND((C29-N29)/30.44,1)) -> 1 | P29: =IF(O29="","",IF(O29<2,1,IF(O29<4.5,3,IF(O29<7.5,6,IF(O29<10.5,9,12))))) -> 1 | Q29: =IF($B29="","",IFERROR(INDEX(Planting_Log!$G$5:$G$60,MATCH($B29,Planting_Log!$A$5:$A$60,0)),"")) -> 600 | R29: =IF($B29="","",SUMIFS($K$5:$K$200,$B$5:$B$200,$B29,$C$5:$C$200,"<"&$C29)) -> 0 | S29: =IF(Q29="","",Q29+R29) -> 600 | T29: =IF(OR(S29="",S29=0),"",F29/S29) -> 0.975 | U29: =IF(OR(Q29="",Q29=0),"",F29/Q29) -> 0.975 | V29: =IF($B29="","",IF(COUNTIFS($B$5:$B$200,$B29,$C$5:$C$200,"<"&$C29)=0,"",SUMPRODUCT(MAX(($B$5:$B$200=$B29)*($C$5:$C$200<$C29)*$C$5:$C$200)))) | W29: =IF(V29="","",SUMIFS($F$5:$F$200,$B$5:$B$200,$B29,$C$5:$C$200,V29)) | X29: =IF($B29="","",IF(V29="",0,SUMIFS($K$5:$K$200,$B$5:$B$200,$B29,$C$5:$C$200,">="&V29,$C$5:$C$200,"<"&$C29))) -> 0 | Y29: =IF($B29="","",MID(IF(M29="","; Unknown plot","")&IF(N29="","",IF(C29<N29,"; Visit before planting",""))&IF(S29="","",IF(F29+G29+H29<>S29,"; Count mismatch",""))&IF(W29="","",IF(F29>W29+X29,"; Alive rose without replanting",""))&IF(COUNTIFS($B$5:$B$200,$B29,$C$5:$C$200,$C29)>1,"; Duplicate visit","")&IF(J29="","",IF(OR(J29<HMin,J29>HMax),"; Height out of range",""))&IF(E29="","; No observer","")&IF(G29+H29>0,IF(I29="","; Loss without cause",""),""),3,300)) | Z29: =IF($B29="","",IF(Y29="",0,1+LEN(Y29)-LEN(SUBSTITUTE(Y29,";","")))) -> 0
A30: V026 | B30: B04 | C30: 46137 | D30: Census | E30: PL-2 (partner lead) | F30: 560 | G30: 25 | H30: 15 | I30: Crab damage | J30: 850 | K30: 0 | M30: =IF($B30="","",IFERROR(INDEX(Planting_Log!$B$5:$B$60,MATCH($B30,Planting_Log!$A$5:$A$60,0)),"")) -> Site B - pond dyke | N30: =IF($B30="","",IFERROR(INDEX(Planting_Log!$D$5:$D$60,MATCH($B30,Planting_Log!$A$5:$A$60,0)),"")) -> 46046 | O30: =IF(OR(N30="",C30=""),"",ROUND((C30-N30)/30.44,1)) -> 3 | P30: =IF(O30="","",IF(O30<2,1,IF(O30<4.5,3,IF(O30<7.5,6,IF(O30<10.5,9,12))))) -> 3 | Q30: =IF($B30="","",IFERROR(INDEX(Planting_Log!$G$5:$G$60,MATCH($B30,Planting_Log!$A$5:$A$60,0)),"")) -> 600 | R30: =IF($B30="","",SUMIFS($K$5:$K$200,$B$5:$B$200,$B30,$C$5:$C$200,"<"&$C30)) -> 0 | S30: =IF(Q30="","",Q30+R30) -> 600 | T30: =IF(OR(S30="",S30=0),"",F30/S30) -> 0.93333333 | U30: =IF(OR(Q30="",Q30=0),"",F30/Q30) -> 0.93333333 | V30: =IF($B30="","",IF(COUNTIFS($B$5:$B$200,$B30,$C$5:$C$200,"<"&$C30)=0,"",SUMPRODUCT(MAX(($B$5:$B$200=$B30)*($C$5:$C$200<$C30)*$C$5:$C$200)))) -> 46077 | W30: =IF(V30="","",SUMIFS($F$5:$F$200,$B$5:$B$200,$B30,$C$5:$C$200,V30)) -> 585 | X30: =IF($B30="","",IF(V30="",0,SUMIFS($K$5:$K$200,$B$5:$B$200,$B30,$C$5:$C$200,">="&V30,$C$5:$C$200,"<"&$C30))) -> 0 | Y30: =IF($B30="","",MID(IF(M30="","; Unknown plot","")&IF(N30="","",IF(C30<N30,"; Visit before planting",""))&IF(S30="","",IF(F30+G30+H30<>S30,"; Count mismatch",""))&IF(W30="","",IF(F30>W30+X30,"; Alive rose without replanting",""))&IF(COUNTIFS($B$5:$B$200,$B30,$C$5:$C$200,$C30)>1,"; Duplicate visit","")&IF(J30="","",IF(OR(J30<HMin,J30>HMax),"; Height out of range",""))&IF(E30="","; No observer","")&IF(G30+H30>0,IF(I30="","; Loss without cause",""),""),3,300)) -> Height out of range | Z30: =IF($B30="","",IF(Y30="",0,1+LEN(Y30)-LEN(SUBSTITUTE(Y30,";","")))) -> 1
A31: V027 | B31: B04 | C31: 46228 | D31: Census | E31: FS-1 (field staff) | F31: 535 | G31: 40 | H31: 25 | I31: Crab damage | J31: 63 | K31: 0 | M31: =IF($B31="","",IFERROR(INDEX(Planting_Log!$B$5:$B$60,MATCH($B31,Planting_Log!$A$5:$A$60,0)),"")) -> Site B - pond dyke | N31: =IF($B31="","",IFERROR(INDEX(Planting_Log!$D$5:$D$60,MATCH($B31,Planting_Log!$A$5:$A$60,0)),"")) -> 46046 | O31: =IF(OR(N31="",C31=""),"",ROUND((C31-N31)/30.44,1)) -> 6 | P31: =IF(O31="","",IF(O31<2,1,IF(O31<4.5,3,IF(O31<7.5,6,IF(O31<10.5,9,12))))) -> 6 | Q31: =IF($B31="","",IFERROR(INDEX(Planting_Log!$G$5:$G$60,MATCH($B31,Planting_Log!$A$5:$A$60,0)),"")) -> 600 | R31: =IF($B31="","",SUMIFS($K$5:$K$200,$B$5:$B$200,$B31,$C$5:$C$200,"<"&$C31)) -> 0 | S31: =IF(Q31="","",Q31+R31) -> 600 | T31: =IF(OR(S31="",S31=0),"",F31/S31) -> 0.89166667 | U31: =IF(OR(Q31="",Q31=0),"",F31/Q31) -> 0.89166667 | V31: =IF($B31="","",IF(COUNTIFS($B$5:$B$200,$B31,$C$5:$C$200,"<"&$C31)=0,"",SUMPRODUCT(MAX(($B$5:$B$200=$B31)*($C$5:$C$200<$C31)*$C$5:$C$200)))) -> 46137 | W31: =IF(V31="","",SUMIFS($F$5:$F$200,$B$5:$B$200,$B31,$C$5:$C$200,V31)) -> 560 | X31: =IF($B31="","",IF(V31="",0,SUMIFS($K$5:$K$200,$B$5:$B$200,$B31,$C$5:$C$200,">="&V31,$C$5:$C$200,"<"&$C31))) -> 0 | Y31: =IF($B31="","",MID(IF(M31="","; Unknown plot","")&IF(N31="","",IF(C31<N31,"; Visit before planting",""))&IF(S31="","",IF(F31+G31+H31<>S31,"; Count mismatch",""))&IF(W31="","",IF(F31>W31+X31,"; Alive rose without replanting",""))&IF(COUNTIFS($B$5:$B$200,$B31,$C$5:$C$200,$C31)>1,"; Duplicate visit","")&IF(J31="","",IF(OR(J31<HMin,J31>HMax),"; Height out of range",""))&IF(E31="","; No observer","")&IF(G31+H31>0,IF(I31="","; Loss without cause",""),""),3,300)) | Z31: =IF($B31="","",IF(Y31="",0,1+LEN(Y31)-LEN(SUBSTITUTE(Y31,";","")))) -> 0
A32: V028 | B32: C01 | C32: 45761 | D32: Census | E32: PL-3 (partner lead) | F32: 388 | G32: 8 | H32: 4 | I32: Debris/plastic | J32: 30 | K32: 0 | M32: =IF($B32="","",IFERROR(INDEX(Planting_Log!$B$5:$B$60,MATCH($B32,Planting_Log!$A$5:$A$60,0)),"")) -> Site C - sheltered lagoon | N32: =IF($B32="","",IFERROR(INDEX(Planting_Log!$D$5:$D$60,MATCH($B32,Planting_Log!$A$5:$A$60,0)),"")) -> 46095 | O32: =IF(OR(N32="",C32=""),"",ROUND((C32-N32)/30.44,1)) -> -11 | P32: =IF(O32="","",IF(O32<2,1,IF(O32<4.5,3,IF(O32<7.5,6,IF(O32<10.5,9,12))))) -> 1 | Q32: =IF($B32="","",IFERROR(INDEX(Planting_Log!$G$5:$G$60,MATCH($B32,Planting_Log!$A$5:$A$60,0)),"")) -> 400 | R32: =IF($B32="","",SUMIFS($K$5:$K$200,$B$5:$B$200,$B32,$C$5:$C$200,"<"&$C32)) -> 0 | S32: =IF(Q32="","",Q32+R32) -> 400 | T32: =IF(OR(S32="",S32=0),"",F32/S32) -> 0.97 | U32: =IF(OR(Q32="",Q32=0),"",F32/Q32) -> 0.97 | V32: =IF($B32="","",IF(COUNTIFS($B$5:$B$200,$B32,$C$5:$C$200,"<"&$C32)=0,"",SUMPRODUCT(MAX(($B$5:$B$200=$B32)*($C$5:$C$200<$C32)*$C$5:$C$200)))) | W32: =IF(V32="","",SUMIFS($F$5:$F$200,$B$5:$B$200,$B32,$C$5:$C$200,V32)) | X32: =IF($B32="","",IF(V32="",0,SUMIFS($K$5:$K$200,$B$5:$B$200,$B32,$C$5:$C$200,">="&V32,$C$5:$C$200,"<"&$C32))) -> 0 | Y32: =IF($B32="","",MID(IF(M32="","; Unknown plot","")&IF(N32="","",IF(C32<N32,"; Visit before planting",""))&IF(S32="","",IF(F32+G32+H32<>S32,"; Count mismatch",""))&IF(W32="","",IF(F32>W32+X32,"; Alive rose without replanting",""))&IF(COUNTIFS($B$5:$B$200,$B32,$C$5:$C$200,$C32)>1,"; Duplicate visit","")&IF(J32="","",IF(OR(J32<HMin,J32>HMax),"; Height out of range",""))&IF(E32="","; No observer","")&IF(G32+H32>0,IF(I32="","; Loss without cause",""),""),3,300)) -> Visit before planting | Z32: =IF($B32="","",IF(Y32="",0,1+LEN(Y32)-LEN(SUBSTITUTE(Y32,";","")))) -> 1
A33: V029 | B33: C01 | C33: 46186 | D33: Census | E33: PL-3 (partner lead) | F33: 365 | G33: 22 | H33: 13 | I33: Debris/plastic | J33: 38 | K33: 0 | M33: =IF($B33="","",IFERROR(INDEX(Planting_Log!$B$5:$B$60,MATCH($B33,Planting_Log!$A$5:$A$60,0)),"")) -> Site C - sheltered lagoon | N33: =IF($B33="","",IFERROR(INDEX(Planting_Log!$D$5:$D$60,MATCH($B33,Planting_Log!$A$5:$A$60,0)),"")) -> 46095 | O33: =IF(OR(N33="",C33=""),"",ROUND((C33-N33)/30.44,1)) -> 3 | P33: =IF(O33="","",IF(O33<2,1,IF(O33<4.5,3,IF(O33<7.5,6,IF(O33<10.5,9,12))))) -> 3 | Q33: =IF($B33="","",IFERROR(INDEX(Planting_Log!$G$5:$G$60,MATCH($B33,Planting_Log!$A$5:$A$60,0)),"")) -> 400 | R33: =IF($B33="","",SUMIFS($K$5:$K$200,$B$5:$B$200,$B33,$C$5:$C$200,"<"&$C33)) -> 0 | S33: =IF(Q33="","",Q33+R33) -> 400 | T33: =IF(OR(S33="",S33=0),"",F33/S33) -> 0.9125 | U33: =IF(OR(Q33="",Q33=0),"",F33/Q33) -> 0.9125 | V33: =IF($B33="","",IF(COUNTIFS($B$5:$B$200,$B33,$C$5:$C$200,"<"&$C33)=0,"",SUMPRODUCT(MAX(($B$5:$B$200=$B33)*($C$5:$C$200<$C33)*$C$5:$C$200)))) -> 45761 | W33: =IF(V33="","",SUMIFS($F$5:$F$200,$B$5:$B$200,$B33,$C$5:$C$200,V33)) -> 388 | X33: =IF($B33="","",IF(V33="",0,SUMIFS($K$5:$K$200,$B$5:$B$200,$B33,$C$5:$C$200,">="&V33,$C$5:$C$200,"<"&$C33))) -> 0 | Y33: =IF($B33="","",MID(IF(M33="","; Unknown plot","")&IF(N33="","",IF(C33<N33,"; Visit before planting",""))&IF(S33="","",IF(F33+G33+H33<>S33,"; Count mismatch",""))&IF(W33="","",IF(F33>W33+X33,"; Alive rose without replanting",""))&IF(COUNTIFS($B$5:$B$200,$B33,$C$5:$C$200,$C33)>1,"; Duplicate visit","")&IF(J33="","",IF(OR(J33<HMin,J33>HMax),"; Height out of range",""))&IF(E33="","; No observer","")&IF(G33+H33>0,IF(I33="","; Loss without cause",""),""),3,300)) | Z33: =IF($B33="","",IF(Y33="",0,1+LEN(Y33)-LEN(SUBSTITUTE(Y33,";","")))) -> 0
A34: V030 | B34: C01 | C34: 46277 | D34: Census | E34: FS-2 (field staff) | F34: 340 | G34: 38 | H34: 22 | I34: Debris/plastic | J34: 50 | K34: 0 | L34: Plastic caught on seedlings | M34: =IF($B34="","",IFERROR(INDEX(Planting_Log!$B$5:$B$60,MATCH($B34,Planting_Log!$A$5:$A$60,0)),"")) -> Site C - sheltered lagoon | N34: =IF($B34="","",IFERROR(INDEX(Planting_Log!$D$5:$D$60,MATCH($B34,Planting_Log!$A$5:$A$60,0)),"")) -> 46095 | O34: =IF(OR(N34="",C34=""),"",ROUND((C34-N34)/30.44,1)) -> 6 | P34: =IF(O34="","",IF(O34<2,1,IF(O34<4.5,3,IF(O34<7.5,6,IF(O34<10.5,9,12))))) -> 6 | Q34: =IF($B34="","",IFERROR(INDEX(Planting_Log!$G$5:$G$60,MATCH($B34,Planting_Log!$A$5:$A$60,0)),"")) -> 400 | R34: =IF($B34="","",SUMIFS($K$5:$K$200,$B$5:$B$200,$B34,$C$5:$C$200,"<"&$C34)) -> 0 | S34: =IF(Q34="","",Q34+R34) -> 400 | T34: =IF(OR(S34="",S34=0),"",F34/S34) -> 0.85 | U34: =IF(OR(Q34="",Q34=0),"",F34/Q34) -> 0.85 | V34: =IF($B34="","",IF(COUNTIFS($B$5:$B$200,$B34,$C$5:$C$200,"<"&$C34)=0,"",SUMPRODUCT(MAX(($B$5:$B$200=$B34)*($C$5:$C$200<$C34)*$C$5:$C$200)))) -> 46186 | W34: =IF(V34="","",SUMIFS($F$5:$F$200,$B$5:$B$200,$B34,$C$5:$C$200,V34)) -> 365 | X34: =IF($B34="","",IF(V34="",0,SUMIFS($K$5:$K$200,$B$5:$B$200,$B34,$C$5:$C$200,">="&V34,$C$5:$C$200,"<"&$C34))) -> 0 | Y34: =IF($B34="","",MID(IF(M34="","; Unknown plot","")&IF(N34="","",IF(C34<N34,"; Visit before planting",""))&IF(S34="","",IF(F34+G34+H34<>S34,"; Count mismatch",""))&IF(W34="","",IF(F34>W34+X34,"; Alive rose without replanting",""))&IF(COUNTIFS($B$5:$B$200,$B34,$C$5:$C$200,$C34)>1,"; Duplicate visit","")&IF(J34="","",IF(OR(J34<HMin,J34>HMax),"; Height out of range",""))&IF(E34="","; No observer","")&IF(G34+H34>0,IF(I34="","; Loss without cause",""),""),3,300)) | Z34: =IF($B34="","",IF(Y34="",0,1+LEN(Y34)-LEN(SUBSTITUTE(Y34,";","")))) -> 0
A35: V031 | B35: C02 | C35: 46126 | D35: Census | E35: PL-3 (partner lead) | F35: 380 | G35: 12 | H35: 8 | I35: Grazing | J35: 31 | K35: 0 | L35: Goats seen near the edge | M35: =IF($B35="","",IFERROR(INDEX(Planting_Log!$B$5:$B$60,MATCH($B35,Planting_Log!$A$5:$A$60,0)),"")) -> Site C - sheltered lagoon | N35: =IF($B35="","",IFERROR(INDEX(Planting_Log!$D$5:$D$60,MATCH($B35,Planting_Log!$A$5:$A$60,0)),"")) -> 46095 | O35: =IF(OR(N35="",C35=""),"",ROUND((C35-N35)/30.44,1)) -> 1 | P35: =IF(O35="","",IF(O35<2,1,IF(O35<4.5,3,IF(O35<7.5,6,IF(O35<10.5,9,12))))) -> 1 | Q35: =IF($B35="","",IFERROR(INDEX(Planting_Log!$G$5:$G$60,MATCH($B35,Planting_Log!$A$5:$A$60,0)),"")) -> 400 | R35: =IF($B35="","",SUMIFS($K$5:$K$200,$B$5:$B$200,$B35,$C$5:$C$200,"<"&$C35)) -> 0 | S35: =IF(Q35="","",Q35+R35) -> 400 | T35: =IF(OR(S35="",S35=0),"",F35/S35) -> 0.95 | U35: =IF(OR(Q35="",Q35=0),"",F35/Q35) -> 0.95 | V35: =IF($B35="","",IF(COUNTIFS($B$5:$B$200,$B35,$C$5:$C$200,"<"&$C35)=0,"",SUMPRODUCT(MAX(($B$5:$B$200=$B35)*($C$5:$C$200<$C35)*$C$5:$C$200)))) | W35: =IF(V35="","",SUMIFS($F$5:$F$200,$B$5:$B$200,$B35,$C$5:$C$200,V35)) | X35: =IF($B35="","",IF(V35="",0,SUMIFS($K$5:$K$200,$B$5:$B$200,$B35,$C$5:$C$200,">="&V35,$C$5:$C$200,"<"&$C35))) -> 0 | Y35: =IF($B35="","",MID(IF(M35="","; Unknown plot","")&IF(N35="","",IF(C35<N35,"; Visit before planting",""))&IF(S35="","",IF(F35+G35+H35<>S35,"; Count mismatch",""))&IF(W35="","",IF(F35>W35+X35,"; Alive rose without replanting",""))&IF(COUNTIFS($B$5:$B$200,$B35,$C$5:$C$200,$C35)>1,"; Duplicate visit","")&IF(J35="","",IF(OR(J35<HMin,J35>HMax),"; Height out of range",""))&IF(E35="","; No observer","")&IF(G35+H35>0,IF(I35="","; Loss without cause",""),""),3,300)) | Z35: =IF($B35="","",IF(Y35="",0,1+LEN(Y35)-LEN(SUBSTITUTE(Y35,";","")))) -> 0
A36: V032 | B36: C02 | C36: 46186 | D36: Census | E36: PL-3 (partner lead) | F36: 330 | G36: 45 | H36: 25 | I36: Grazing | J36: 37 | K36: 0 | M36: =IF($B36="","",IFERROR(INDEX(Planting_Log!$B$5:$B$60,MATCH($B36,Planting_Log!$A$5:$A$60,0)),"")) -> Site C - sheltered lagoon | N36: =IF($B36="","",IFERROR(INDEX(Planting_Log!$D$5:$D$60,MATCH($B36,Planting_Log!$A$5:$A$60,0)),"")) -> 46095 | O36: =IF(OR(N36="",C36=""),"",ROUND((C36-N36)/30.44,1)) -> 3 | P36: =IF(O36="","",IF(O36<2,1,IF(O36<4.5,3,IF(O36<7.5,6,IF(O36<10.5,9,12))))) -> 3 | Q36: =IF($B36="","",IFERROR(INDEX(Planting_Log!$G$5:$G$60,MATCH($B36,Planting_Log!$A$5:$A$60,0)),"")) -> 400 | R36: =IF($B36="","",SUMIFS($K$5:$K$200,$B$5:$B$200,$B36,$C$5:$C$200,"<"&$C36)) -> 0 | S36: =IF(Q36="","",Q36+R36) -> 400 | T36: =IF(OR(S36="",S36=0),"",F36/S36) -> 0.825 | U36: =IF(OR(Q36="",Q36=0),"",F36/Q36) -> 0.825 | V36: =IF($B36="","",IF(COUNTIFS($B$5:$B$200,$B36,$C$5:$C$200,"<"&$C36)=0,"",SUMPRODUCT(MAX(($B$5:$B$200=$B36)*($C$5:$C$200<$C36)*$C$5:$C$200)))) -> 46126 | W36: =IF(V36="","",SUMIFS($F$5:$F$200,$B$5:$B$200,$B36,$C$5:$C$200,V36)) -> 380 | X36: =IF($B36="","",IF(V36="",0,SUMIFS($K$5:$K$200,$B$5:$B$200,$B36,$C$5:$C$200,">="&V36,$C$5:$C$200,"<"&$C36))) -> 0 | Y36: =IF($B36="","",MID(IF(M36="","; Unknown plot","")&IF(N36="","",IF(C36<N36,"; Visit before planting",""))&IF(S36="","",IF(F36+G36+H36<>S36,"; Count mismatch",""))&IF(W36="","",IF(F36>W36+X36,"; Alive rose without replanting",""))&IF(COUNTIFS($B$5:$B$200,$B36,$C$5:$C$200,$C36)>1,"; Duplicate visit","")&IF(J36="","",IF(OR(J36<HMin,J36>HMax),"; Height out of range",""))&IF(E36="","; No observer","")&IF(G36+H36>0,IF(I36="","; Loss without cause",""),""),3,300)) | Z36: =IF($B36="","",IF(Y36="",0,1+LEN(Y36)-LEN(SUBSTITUTE(Y36,";","")))) -> 0
A37: V033 | B37: C02 | C37: 46277 | D37: Census | E37: FS-2 (field staff) | F37: 290 | G37: 70 | H37: 40 | I37: Grazing | J37: 49 | K37: 0 | M37: =IF($B37="","",IFERROR(INDEX(Planting_Log!$B$5:$B$60,MATCH($B37,Planting_Log!$A$5:$A$60,0)),"")) -> Site C - sheltered lagoon | N37: =IF($B37="","",IFERROR(INDEX(Planting_Log!$D$5:$D$60,MATCH($B37,Planting_Log!$A$5:$A$60,0)),"")) -> 46095 | O37: =IF(OR(N37="",C37=""),"",ROUND((C37-N37)/30.44,1)) -> 6 | P37: =IF(O37="","",IF(O37<2,1,IF(O37<4.5,3,IF(O37<7.5,6,IF(O37<10.5,9,12))))) -> 6 | Q37: =IF($B37="","",IFERROR(INDEX(Planting_Log!$G$5:$G$60,MATCH($B37,Planting_Log!$A$5:$A$60,0)),"")) -> 400 | R37: =IF($B37="","",SUMIFS($K$5:$K$200,$B$5:$B$200,$B37,$C$5:$C$200,"<"&$C37)) -> 0 | S37: =IF(Q37="","",Q37+R37) -> 400 | T37: =IF(OR(S37="",S37=0),"",F37/S37) -> 0.725 | U37: =IF(OR(Q37="",Q37=0),"",F37/Q37) -> 0.725 | V37: =IF($B37="","",IF(COUNTIFS($B$5:$B$200,$B37,$C$5:$C$200,"<"&$C37)=0,"",SUMPRODUCT(MAX(($B$5:$B$200=$B37)*($C$5:$C$200<$C37)*$C$5:$C$200)))) -> 46186 | W37: =IF(V37="","",SUMIFS($F$5:$F$200,$B$5:$B$200,$B37,$C$5:$C$200,V37)) -> 330 | X37: =IF($B37="","",IF(V37="",0,SUMIFS($K$5:$K$200,$B$5:$B$200,$B37,$C$5:$C$200,">="&V37,$C$5:$C$200,"<"&$C37))) -> 0 | Y37: =IF($B37="","",MID(IF(M37="","; Unknown plot","")&IF(N37="","",IF(C37<N37,"; Visit before planting",""))&IF(S37="","",IF(F37+G37+H37<>S37,"; Count mismatch",""))&IF(W37="","",IF(F37>W37+X37,"; Alive rose without replanting",""))&IF(COUNTIFS($B$5:$B$200,$B37,$C$5:$C$200,$C37)>1,"; Duplicate visit","")&IF(J37="","",IF(OR(J37<HMin,J37>HMax),"; Height out of range",""))&IF(E37="","; No observer","")&IF(G37+H37>0,IF(I37="","; Loss without cause",""),""),3,300)) | Z37: =IF($B37="","",IF(Y37="",0,1+LEN(Y37)-LEN(SUBSTITUTE(Y37,";","")))) -> 0
A38: V034 | B38: C03 | C38: 46126 | D38: Census | E38: PL-3 (partner lead) | F38: 392 | G38: 5 | H38: 3 | I38: Debris/plastic | J38: 32 | K38: 0 | M38: =IF($B38="","",IFERROR(INDEX(Planting_Log!$B$5:$B$60,MATCH($B38,Planting_Log!$A$5:$A$60,0)),"")) -> Site C - sheltered lagoon | N38: =IF($B38="","",IFERROR(INDEX(Planting_Log!$D$5:$D$60,MATCH($B38,Planting_Log!$A$5:$A$60,0)),"")) -> 46095 | O38: =IF(OR(N38="",C38=""),"",ROUND((C38-N38)/30.44,1)) -> 1 | P38: =IF(O38="","",IF(O38<2,1,IF(O38<4.5,3,IF(O38<7.5,6,IF(O38<10.5,9,12))))) -> 1 | Q38: =IF($B38="","",IFERROR(INDEX(Planting_Log!$G$5:$G$60,MATCH($B38,Planting_Log!$A$5:$A$60,0)),"")) -> 400 | R38: =IF($B38="","",SUMIFS($K$5:$K$200,$B$5:$B$200,$B38,$C$5:$C$200,"<"&$C38)) -> 0 | S38: =IF(Q38="","",Q38+R38) -> 400 | T38: =IF(OR(S38="",S38=0),"",F38/S38) -> 0.98 | U38: =IF(OR(Q38="",Q38=0),"",F38/Q38) -> 0.98 | V38: =IF($B38="","",IF(COUNTIFS($B$5:$B$200,$B38,$C$5:$C$200,"<"&$C38)=0,"",SUMPRODUCT(MAX(($B$5:$B$200=$B38)*($C$5:$C$200<$C38)*$C$5:$C$200)))) | W38: =IF(V38="","",SUMIFS($F$5:$F$200,$B$5:$B$200,$B38,$C$5:$C$200,V38)) | X38: =IF($B38="","",IF(V38="",0,SUMIFS($K$5:$K$200,$B$5:$B$200,$B38,$C$5:$C$200,">="&V38,$C$5:$C$200,"<"&$C38))) -> 0 | Y38: =IF($B38="","",MID(IF(M38="","; Unknown plot","")&IF(N38="","",IF(C38<N38,"; Visit before planting",""))&IF(S38="","",IF(F38+G38+H38<>S38,"; Count mismatch",""))&IF(W38="","",IF(F38>W38+X38,"; Alive rose without replanting",""))&IF(COUNTIFS($B$5:$B$200,$B38,$C$5:$C$200,$C38)>1,"; Duplicate visit","")&IF(J38="","",IF(OR(J38<HMin,J38>HMax),"; Height out of range",""))&IF(E38="","; No observer","")&IF(G38+H38>0,IF(I38="","; Loss without cause",""),""),3,300)) | Z38: =IF($B38="","",IF(Y38="",0,1+LEN(Y38)-LEN(SUBSTITUTE(Y38,";","")))) -> 0
A39: V035 | B39: C03 | C39: 46186 | D39: Census | E39: PL-3 (partner lead) | F39: 372 | G39: 18 | H39: 10 | I39: Debris/plastic | J39: 39 | K39: 0 | M39: =IF($B39="","",IFERROR(INDEX(Planting_Log!$B$5:$B$60,MATCH($B39,Planting_Log!$A$5:$A$60,0)),"")) -> Site C - sheltered lagoon | N39: =IF($B39="","",IFERROR(INDEX(Planting_Log!$D$5:$D$60,MATCH($B39,Planting_Log!$A$5:$A$60,0)),"")) -> 46095 | O39: =IF(OR(N39="",C39=""),"",ROUND((C39-N39)/30.44,1)) -> 3 | P39: =IF(O39="","",IF(O39<2,1,IF(O39<4.5,3,IF(O39<7.5,6,IF(O39<10.5,9,12))))) -> 3 | Q39: =IF($B39="","",IFERROR(INDEX(Planting_Log!$G$5:$G$60,MATCH($B39,Planting_Log!$A$5:$A$60,0)),"")) -> 400 | R39: =IF($B39="","",SUMIFS($K$5:$K$200,$B$5:$B$200,$B39,$C$5:$C$200,"<"&$C39)) -> 0 | S39: =IF(Q39="","",Q39+R39) -> 400 | T39: =IF(OR(S39="",S39=0),"",F39/S39) -> 0.93 | U39: =IF(OR(Q39="",Q39=0),"",F39/Q39) -> 0.93 | V39: =IF($B39="","",IF(COUNTIFS($B$5:$B$200,$B39,$C$5:$C$200,"<"&$C39)=0,"",SUMPRODUCT(MAX(($B$5:$B$200=$B39)*($C$5:$C$200<$C39)*$C$5:$C$200)))) -> 46126 | W39: =IF(V39="","",SUMIFS($F$5:$F$200,$B$5:$B$200,$B39,$C$5:$C$200,V39)) -> 392 | X39: =IF($B39="","",IF(V39="",0,SUMIFS($K$5:$K$200,$B$5:$B$200,$B39,$C$5:$C$200,">="&V39,$C$5:$C$200,"<"&$C39))) -> 0 | Y39: =IF($B39="","",MID(IF(M39="","; Unknown plot","")&IF(N39="","",IF(C39<N39,"; Visit before planting",""))&IF(S39="","",IF(F39+G39+H39<>S39,"; Count mismatch",""))&IF(W39="","",IF(F39>W39+X39,"; Alive rose without replanting",""))&IF(COUNTIFS($B$5:$B$200,$B39,$C$5:$C$200,$C39)>1,"; Duplicate visit","")&IF(J39="","",IF(OR(J39<HMin,J39>HMax),"; Height out of range",""))&IF(E39="","; No observer","")&IF(G39+H39>0,IF(I39="","; Loss without cause",""),""),3,300)) -> Duplicate visit | Z39: =IF($B39="","",IF(Y39="",0,1+LEN(Y39)-LEN(SUBSTITUTE(Y39,";","")))) -> 1
A40: V036 | B40: C03 | C40: 46186 | D40: Census | E40: PL-3 (partner lead) | F40: 372 | G40: 18 | H40: 10 | I40: Debris/plastic | J40: 39 | K40: 0 | L40: Entered from photo of the sheet | M40: =IF($B40="","",IFERROR(INDEX(Planting_Log!$B$5:$B$60,MATCH($B40,Planting_Log!$A$5:$A$60,0)),"")) -> Site C - sheltered lagoon | N40: =IF($B40="","",IFERROR(INDEX(Planting_Log!$D$5:$D$60,MATCH($B40,Planting_Log!$A$5:$A$60,0)),"")) -> 46095 | O40: =IF(OR(N40="",C40=""),"",ROUND((C40-N40)/30.44,1)) -> 3 | P40: =IF(O40="","",IF(O40<2,1,IF(O40<4.5,3,IF(O40<7.5,6,IF(O40<10.5,9,12))))) -> 3 | Q40: =IF($B40="","",IFERROR(INDEX(Planting_Log!$G$5:$G$60,MATCH($B40,Planting_Log!$A$5:$A$60,0)),"")) -> 400 | R40: =IF($B40="","",SUMIFS($K$5:$K$200,$B$5:$B$200,$B40,$C$5:$C$200,"<"&$C40)) -> 0 | S40: =IF(Q40="","",Q40+R40) -> 400 | T40: =IF(OR(S40="",S40=0),"",F40/S40) -> 0.93 | U40: =IF(OR(Q40="",Q40=0),"",F40/Q40) -> 0.93 | V40: =IF($B40="","",IF(COUNTIFS($B$5:$B$200,$B40,$C$5:$C$200,"<"&$C40)=0,"",SUMPRODUCT(MAX(($B$5:$B$200=$B40)*($C$5:$C$200<$C40)*$C$5:$C$200)))) -> 46126 | W40: =IF(V40="","",SUMIFS($F$5:$F$200,$B$5:$B$200,$B40,$C$5:$C$200,V40)) -> 392 | X40: =IF($B40="","",IF(V40="",0,SUMIFS($K$5:$K$200,$B$5:$B$200,$B40,$C$5:$C$200,">="&V40,$C$5:$C$200,"<"&$C40))) -> 0 | Y40: =IF($B40="","",MID(IF(M40="","; Unknown plot","")&IF(N40="","",IF(C40<N40,"; Visit before planting",""))&IF(S40="","",IF(F40+G40+H40<>S40,"; Count mismatch",""))&IF(W40="","",IF(F40>W40+X40,"; Alive rose without replanting",""))&IF(COUNTIFS($B$5:$B$200,$B40,$C$5:$C$200,$C40)>1,"; Duplicate visit","")&IF(J40="","",IF(OR(J40<HMin,J40>HMax),"; Height out of range",""))&IF(E40="","; No observer","")&IF(G40+H40>0,IF(I40="","; Loss without cause",""),""),3,300)) -> Duplicate visit | Z40: =IF($B40="","",IF(Y40="",0,1+LEN(Y40)-LEN(SUBSTITUTE(Y40,";","")))) -> 1
A41: V037 | B41: C03 | C41: 46277 | D41: Census | E41: FS-2 (field staff) | F41: 355 | G41: 30 | H41: 15 | I41: Debris/plastic | J41: 51 | K41: 0 | M41: =IF($B41="","",IFERROR(INDEX(Planting_Log!$B$5:$B$60,MATCH($B41,Planting_Log!$A$5:$A$60,0)),"")) -> Site C - sheltered lagoon | N41: =IF($B41="","",IFERROR(INDEX(Planting_Log!$D$5:$D$60,MATCH($B41,Planting_Log!$A$5:$A$60,0)),"")) -> 46095 | O41: =IF(OR(N41="",C41=""),"",ROUND((C41-N41)/30.44,1)) -> 6 | P41: =IF(O41="","",IF(O41<2,1,IF(O41<4.5,3,IF(O41<7.5,6,IF(O41<10.5,9,12))))) -> 6 | Q41: =IF($B41="","",IFERROR(INDEX(Planting_Log!$G$5:$G$60,MATCH($B41,Planting_Log!$A$5:$A$60,0)),"")) -> 400 | R41: =IF($B41="","",SUMIFS($K$5:$K$200,$B$5:$B$200,$B41,$C$5:$C$200,"<"&$C41)) -> 0 | S41: =IF(Q41="","",Q41+R41) -> 400 | T41: =IF(OR(S41="",S41=0),"",F41/S41) -> 0.8875 | U41: =IF(OR(Q41="",Q41=0),"",F41/Q41) -> 0.8875 | V41: =IF($B41="","",IF(COUNTIFS($B$5:$B$200,$B41,$C$5:$C$200,"<"&$C41)=0,"",SUMPRODUCT(MAX(($B$5:$B$200=$B41)*($C$5:$C$200<$C41)*$C$5:$C$200)))) -> 46186 | W41: =IF(V41="","",SUMIFS($F$5:$F$200,$B$5:$B$200,$B41,$C$5:$C$200,V41)) -> 744 | X41: =IF($B41="","",IF(V41="",0,SUMIFS($K$5:$K$200,$B$5:$B$200,$B41,$C$5:$C$200,">="&V41,$C$5:$C$200,"<"&$C41))) -> 0 | Y41: =IF($B41="","",MID(IF(M41="","; Unknown plot","")&IF(N41="","",IF(C41<N41,"; Visit before planting",""))&IF(S41="","",IF(F41+G41+H41<>S41,"; Count mismatch",""))&IF(W41="","",IF(F41>W41+X41,"; Alive rose without replanting",""))&IF(COUNTIFS($B$5:$B$200,$B41,$C$5:$C$200,$C41)>1,"; Duplicate visit","")&IF(J41="","",IF(OR(J41<HMin,J41>HMax),"; Height out of range",""))&IF(E41="","; No observer","")&IF(G41+H41>0,IF(I41="","; Loss without cause",""),""),3,300)) | Z41: =IF($B41="","",IF(Y41="",0,1+LEN(Y41)-LEN(SUBSTITUTE(Y41,";","")))) -> 0
A42: V038 | B42: C04 | C42: 46126 | D42: Census | E42: PL-3 (partner lead) | F42: 390 | G42: 6 | H42: 4 | I42: Crab damage | J42: 31 | K42: 0 | M42: =IF($B42="","",IFERROR(INDEX(Planting_Log!$B$5:$B$60,MATCH($B42,Planting_Log!$A$5:$A$60,0)),"")) -> Site C - sheltered lagoon | N42: =IF($B42="","",IFERROR(INDEX(Planting_Log!$D$5:$D$60,MATCH($B42,Planting_Log!$A$5:$A$60,0)),"")) -> 46095 | O42: =IF(OR(N42="",C42=""),"",ROUND((C42-N42)/30.44,1)) -> 1 | P42: =IF(O42="","",IF(O42<2,1,IF(O42<4.5,3,IF(O42<7.5,6,IF(O42<10.5,9,12))))) -> 1 | Q42: =IF($B42="","",IFERROR(INDEX(Planting_Log!$G$5:$G$60,MATCH($B42,Planting_Log!$A$5:$A$60,0)),"")) -> 400 | R42: =IF($B42="","",SUMIFS($K$5:$K$200,$B$5:$B$200,$B42,$C$5:$C$200,"<"&$C42)) -> 0 | S42: =IF(Q42="","",Q42+R42) -> 400 | T42: =IF(OR(S42="",S42=0),"",F42/S42) -> 0.975 | U42: =IF(OR(Q42="",Q42=0),"",F42/Q42) -> 0.975 | V42: =IF($B42="","",IF(COUNTIFS($B$5:$B$200,$B42,$C$5:$C$200,"<"&$C42)=0,"",SUMPRODUCT(MAX(($B$5:$B$200=$B42)*($C$5:$C$200<$C42)*$C$5:$C$200)))) | W42: =IF(V42="","",SUMIFS($F$5:$F$200,$B$5:$B$200,$B42,$C$5:$C$200,V42)) | X42: =IF($B42="","",IF(V42="",0,SUMIFS($K$5:$K$200,$B$5:$B$200,$B42,$C$5:$C$200,">="&V42,$C$5:$C$200,"<"&$C42))) -> 0 | Y42: =IF($B42="","",MID(IF(M42="","; Unknown plot","")&IF(N42="","",IF(C42<N42,"; Visit before planting",""))&IF(S42="","",IF(F42+G42+H42<>S42,"; Count mismatch",""))&IF(W42="","",IF(F42>W42+X42,"; Alive rose without replanting",""))&IF(COUNTIFS($B$5:$B$200,$B42,$C$5:$C$200,$C42)>1,"; Duplicate visit","")&IF(J42="","",IF(OR(J42<HMin,J42>HMax),"; Height out of range",""))&IF(E42="","; No observer","")&IF(G42+H42>0,IF(I42="","; Loss without cause",""),""),3,300)) | Z42: =IF($B42="","",IF(Y42="",0,1+LEN(Y42)-LEN(SUBSTITUTE(Y42,";","")))) -> 0
A43: V039 | B43: C04 | C43: 46186 | D43: Census | E43: PL-3 (partner lead) | F43: 375 | G43: 15 | H43: 10 | I43: Crab damage | J43: 38 | K43: 0 | M43: =IF($B43="","",IFERROR(INDEX(Planting_Log!$B$5:$B$60,MATCH($B43,Planting_Log!$A$5:$A$60,0)),"")) -> Site C - sheltered lagoon | N43: =IF($B43="","",IFERROR(INDEX(Planting_Log!$D$5:$D$60,MATCH($B43,Planting_Log!$A$5:$A$60,0)),"")) -> 46095 | O43: =IF(OR(N43="",C43=""),"",ROUND((C43-N43)/30.44,1)) -> 3 | P43: =IF(O43="","",IF(O43<2,1,IF(O43<4.5,3,IF(O43<7.5,6,IF(O43<10.5,9,12))))) -> 3 | Q43: =IF($B43="","",IFERROR(INDEX(Planting_Log!$G$5:$G$60,MATCH($B43,Planting_Log!$A$5:$A$60,0)),"")) -> 400 | R43: =IF($B43="","",SUMIFS($K$5:$K$200,$B$5:$B$200,$B43,$C$5:$C$200,"<"&$C43)) -> 0 | S43: =IF(Q43="","",Q43+R43) -> 400 | T43: =IF(OR(S43="",S43=0),"",F43/S43) -> 0.9375 | U43: =IF(OR(Q43="",Q43=0),"",F43/Q43) -> 0.9375 | V43: =IF($B43="","",IF(COUNTIFS($B$5:$B$200,$B43,$C$5:$C$200,"<"&$C43)=0,"",SUMPRODUCT(MAX(($B$5:$B$200=$B43)*($C$5:$C$200<$C43)*$C$5:$C$200)))) -> 46126 | W43: =IF(V43="","",SUMIFS($F$5:$F$200,$B$5:$B$200,$B43,$C$5:$C$200,V43)) -> 390 | X43: =IF($B43="","",IF(V43="",0,SUMIFS($K$5:$K$200,$B$5:$B$200,$B43,$C$5:$C$200,">="&V43,$C$5:$C$200,"<"&$C43))) -> 0 | Y43: =IF($B43="","",MID(IF(M43="","; Unknown plot","")&IF(N43="","",IF(C43<N43,"; Visit before planting",""))&IF(S43="","",IF(F43+G43+H43<>S43,"; Count mismatch",""))&IF(W43="","",IF(F43>W43+X43,"; Alive rose without replanting",""))&IF(COUNTIFS($B$5:$B$200,$B43,$C$5:$C$200,$C43)>1,"; Duplicate visit","")&IF(J43="","",IF(OR(J43<HMin,J43>HMax),"; Height out of range",""))&IF(E43="","; No observer","")&IF(G43+H43>0,IF(I43="","; Loss without cause",""),""),3,300)) | Z43: =IF($B43="","",IF(Y43="",0,1+LEN(Y43)-LEN(SUBSTITUTE(Y43,";","")))) -> 0
A44: V040 | B44: C04 | C44: 46277 | D44: Census | F44: 362 | G44: 25 | H44: 13 | I44: Crab damage | J44: 50 | K44: 0 | M44: =IF($B44="","",IFERROR(INDEX(Planting_Log!$B$5:$B$60,MATCH($B44,Planting_Log!$A$5:$A$60,0)),"")) -> Site C - sheltered lagoon | N44: =IF($B44="","",IFERROR(INDEX(Planting_Log!$D$5:$D$60,MATCH($B44,Planting_Log!$A$5:$A$60,0)),"")) -> 46095 | O44: =IF(OR(N44="",C44=""),"",ROUND((C44-N44)/30.44,1)) -> 6 | P44: =IF(O44="","",IF(O44<2,1,IF(O44<4.5,3,IF(O44<7.5,6,IF(O44<10.5,9,12))))) -> 6 | Q44: =IF($B44="","",IFERROR(INDEX(Planting_Log!$G$5:$G$60,MATCH($B44,Planting_Log!$A$5:$A$60,0)),"")) -> 400 | R44: =IF($B44="","",SUMIFS($K$5:$K$200,$B$5:$B$200,$B44,$C$5:$C$200,"<"&$C44)) -> 0 | S44: =IF(Q44="","",Q44+R44) -> 400 | T44: =IF(OR(S44="",S44=0),"",F44/S44) -> 0.905 | U44: =IF(OR(Q44="",Q44=0),"",F44/Q44) -> 0.905 | V44: =IF($B44="","",IF(COUNTIFS($B$5:$B$200,$B44,$C$5:$C$200,"<"&$C44)=0,"",SUMPRODUCT(MAX(($B$5:$B$200=$B44)*($C$5:$C$200<$C44)*$C$5:$C$200)))) -> 46186 | W44: =IF(V44="","",SUMIFS($F$5:$F$200,$B$5:$B$200,$B44,$C$5:$C$200,V44)) -> 375 | X44: =IF($B44="","",IF(V44="",0,SUMIFS($K$5:$K$200,$B$5:$B$200,$B44,$C$5:$C$200,">="&V44,$C$5:$C$200,"<"&$C44))) -> 0 | Y44: =IF($B44="","",MID(IF(M44="","; Unknown plot","")&IF(N44="","",IF(C44<N44,"; Visit before planting",""))&IF(S44="","",IF(F44+G44+H44<>S44,"; Count mismatch",""))&IF(W44="","",IF(F44>W44+X44,"; Alive rose without replanting",""))&IF(COUNTIFS($B$5:$B$200,$B44,$C$5:$C$200,$C44)>1,"; Duplicate visit","")&IF(J44="","",IF(OR(J44<HMin,J44>HMax),"; Height out of range",""))&IF(E44="","; No observer","")&IF(G44+H44>0,IF(I44="","; Loss without cause",""),""),3,300)) -> No observer | Z44: =IF($B44="","",IF(Y44="",0,1+LEN(Y44)-LEN(SUBSTITUTE(Y44,";","")))) -> 1
M45: =IF($B45="","",IFERROR(INDEX(Planting_Log!$B$5:$B$60,MATCH($B45,Planting_Log!$A$5:$A$60,0)),"")) | N45: =IF($B45="","",IFERROR(INDEX(Planting_Log!$D$5:$D$60,MATCH($B45,Planting_Log!$A$5:$A$60,0)),"")) | O45: =IF(OR(N45="",C45=""),"",ROUND((C45-N45)/30.44,1)) | P45: =IF(O45="","",IF(O45<2,1,IF(O45<4.5,3,IF(O45<7.5,6,IF(O45<10.5,9,12))))) | Q45: =IF($B45="","",IFERROR(INDEX(Planting_Log!$G$5:$G$60,MATCH($B45,Planting_Log!$A$5:$A$60,0)),"")) | R45: =IF($B45="","",SUMIFS($K$5:$K$200,$B$5:$B$200,$B45,$C$5:$C$200,"<"&$C45)) | S45: =IF(Q45="","",Q45+R45) | T45: =IF(OR(S45="",S45=0),"",F45/S45) | U45: =IF(OR(Q45="",Q45=0),"",F45/Q45) | V45: =IF($B45="","",IF(COUNTIFS($B$5:$B$200,$B45,$C$5:$C$200,"<"&$C45)=0,"",SUMPRODUCT(MAX(($B$5:$B$200=$B45)*($C$5:$C$200<$C45)*$C$5:$C$200)))) | W45: =IF(V45="","",SUMIFS($F$5:$F$200,$B$5:$B$200,$B45,$C$5:$C$200,V45)) | X45: =IF($B45="","",IF(V45="",0,SUMIFS($K$5:$K$200,$B$5:$B$200,$B45,$C$5:$C$200,">="&V45,$C$5:$C$200,"<"&$C45))) | Y45: =IF($B45="","",MID(IF(M45="","; Unknown plot","")&IF(N45="","",IF(C45<N45,"; Visit before planting",""))&IF(S45="","",IF(F45+G45+H45<>S45,"; Count mismatch",""))&IF(W45="","",IF(F45>W45+X45,"; Alive rose without replanting",""))&IF(COUNTIFS($B$5:$B$200,$B45,$C$5:$C$200,$C45)>1,"; Duplicate visit","")&IF(J45="","",IF(OR(J45<HMin,J45>HMax),"; Height out of range",""))&IF(E45="","; No observer","")&IF(G45+H45>0,IF(I45="","; Loss without cause",""),""),3,300)) | Z45: =IF($B45="","",IF(Y45="",0,1+LEN(Y45)-LEN(SUBSTITUTE(Y45,";",""))))
M46: =IF($B46="","",IFERROR(INDEX(Planting_Log!$B$5:$B$60,MATCH($B46,Planting_Log!$A$5:$A$60,0)),"")) | N46: =IF($B46="","",IFERROR(INDEX(Planting_Log!$D$5:$D$60,MATCH($B46,Planting_Log!$A$5:$A$60,0)),"")) | O46: =IF(OR(N46="",C46=""),"",ROUND((C46-N46)/30.44,1)) | P46: =IF(O46="","",IF(O46<2,1,IF(O46<4.5,3,IF(O46<7.5,6,IF(O46<10.5,9,12))))) | Q46: =IF($B46="","",IFERROR(INDEX(Planting_Log!$G$5:$G$60,MATCH($B46,Planting_Log!$A$5:$A$60,0)),"")) | R46: =IF($B46="","",SUMIFS($K$5:$K$200,$B$5:$B$200,$B46,$C$5:$C$200,"<"&$C46)) | S46: =IF(Q46="","",Q46+R46) | T46: =IF(OR(S46="",S46=0),"",F46/S46) | U46: =IF(OR(Q46="",Q46=0),"",F46/Q46) | V46: =IF($B46="","",IF(COUNTIFS($B$5:$B$200,$B46,$C$5:$C$200,"<"&$C46)=0,"",SUMPRODUCT(MAX(($B$5:$B$200=$B46)*($C$5:$C$200<$C46)*$C$5:$C$200)))) | W46: =IF(V46="","",SUMIFS($F$5:$F$200,$B$5:$B$200,$B46,$C$5:$C$200,V46)) | X46: =IF($B46="","",IF(V46="",0,SUMIFS($K$5:$K$200,$B$5:$B$200,$B46,$C$5:$C$200,">="&V46,$C$5:$C$200,"<"&$C46))) | Y46: =IF($B46="","",MID(IF(M46="","; Unknown plot","")&IF(N46="","",IF(C46<N46,"; Visit before planting",""))&IF(S46="","",IF(F46+G46+H46<>S46,"; Count mismatch",""))&IF(W46="","",IF(F46>W46+X46,"; Alive rose without replanting",""))&IF(COUNTIFS($B$5:$B$200,$B46,$C$5:$C$200,$C46)>1,"; Duplicate visit","")&IF(J46="","",IF(OR(J46<HMin,J46>HMax),"; Height out of range",""))&IF(E46="","; No observer","")&IF(G46+H46>0,IF(I46="","; Loss without cause",""),""),3,300)) | Z46: =IF($B46="","",IF(Y46="",0,1+LEN(Y46)-LEN(SUBSTITUTE(Y46,";",""))))
M47: =IF($B47="","",IFERROR(INDEX(Planting_Log!$B$5:$B$60,MATCH($B47,Planting_Log!$A$5:$A$60,0)),"")) | N47: =IF($B47="","",IFERROR(INDEX(Planting_Log!$D$5:$D$60,MATCH($B47,Planting_Log!$A$5:$A$60,0)),"")) | O47: =IF(OR(N47="",C47=""),"",ROUND((C47-N47)/30.44,1)) | P47: =IF(O47="","",IF(O47<2,1,IF(O47<4.5,3,IF(O47<7.5,6,IF(O47<10.5,9,12))))) | Q47: =IF($B47="","",IFERROR(INDEX(Planting_Log!$G$5:$G$60,MATCH($B47,Planting_Log!$A$5:$A$60,0)),"")) | R47: =IF($B47="","",SUMIFS($K$5:$K$200,$B$5:$B$200,$B47,$C$5:$C$200,"<"&$C47)) | S47: =IF(Q47="","",Q47+R47) | T47: =IF(OR(S47="",S47=0),"",F47/S47) | U47: =IF(OR(Q47="",Q47=0),"",F47/Q47) | V47: =IF($B47="","",IF(COUNTIFS($B$5:$B$200,$B47,$C$5:$C$200,"<"&$C47)=0,"",SUMPRODUCT(MAX(($B$5:$B$200=$B47)*($C$5:$C$200<$C47)*$C$5:$C$200)))) | W47: =IF(V47="","",SUMIFS($F$5:$F$200,$B$5:$B$200,$B47,$C$5:$C$200,V47)) | X47: =IF($B47="","",IF(V47="",0,SUMIFS($K$5:$K$200,$B$5:$B$200,$B47,$C$5:$C$200,">="&V47,$C$5:$C$200,"<"&$C47))) | Y47: =IF($B47="","",MID(IF(M47="","; Unknown plot","")&IF(N47="","",IF(C47<N47,"; Visit before planting",""))&IF(S47="","",IF(F47+G47+H47<>S47,"; Count mismatch",""))&IF(W47="","",IF(F47>W47+X47,"; Alive rose without replanting",""))&IF(COUNTIFS($B$5:$B$200,$B47,$C$5:$C$200,$C47)>1,"; Duplicate visit","")&IF(J47="","",IF(OR(J47<HMin,J47>HMax),"; Height out of range",""))&IF(E47="","; No observer","")&IF(G47+H47>0,IF(I47="","; Loss without cause",""),""),3,300)) | Z47: =IF($B47="","",IF(Y47="",0,1+LEN(Y47)-LEN(SUBSTITUTE(Y47,";",""))))
M48: =IF($B48="","",IFERROR(INDEX(Planting_Log!$B$5:$B$60,MATCH($B48,Planting_Log!$A$5:$A$60,0)),"")) | N48: =IF($B48="","",IFERROR(INDEX(Planting_Log!$D$5:$D$60,MATCH($B48,Planting_Log!$A$5:$A$60,0)),"")) | O48: =IF(OR(N48="",C48=""),"",ROUND((C48-N48)/30.44,1)) | P48: =IF(O48="","",IF(O48<2,1,IF(O48<4.5,3,IF(O48<7.5,6,IF(O48<10.5,9,12))))) | Q48: =IF($B48="","",IFERROR(INDEX(Planting_Log!$G$5:$G$60,MATCH($B48,Planting_Log!$A$5:$A$60,0)),"")) | R48: =IF($B48="","",SUMIFS($K$5:$K$200,$B$5:$B$200,$B48,$C$5:$C$200,"<"&$C48)) | S48: =IF(Q48="","",Q48+R48) | T48: =IF(OR(S48="",S48=0),"",F48/S48) | U48: =IF(OR(Q48="",Q48=0),"",F48/Q48) | V48: =IF($B48="","",IF(COUNTIFS($B$5:$B$200,$B48,$C$5:$C$200,"<"&$C48)=0,"",SUMPRODUCT(MAX(($B$5:$B$200=$B48)*($C$5:$C$200<$C48)*$C$5:$C$200)))) | W48: =IF(V48="","",SUMIFS($F$5:$F$200,$B$5:$B$200,$B48,$C$5:$C$200,V48)) | X48: =IF($B48="","",IF(V48="",0,SUMIFS($K$5:$K$200,$B$5:$B$200,$B48,$C$5:$C$200,">="&V48,$C$5:$C$200,"<"&$C48))) | Y48: =IF($B48="","",MID(IF(M48="","; Unknown plot","")&IF(N48="","",IF(C48<N48,"; Visit before planting",""))&IF(S48="","",IF(F48+G48+H48<>S48,"; Count mismatch",""))&IF(W48="","",IF(F48>W48+X48,"; Alive rose without replanting",""))&IF(COUNTIFS($B$5:$B$200,$B48,$C$5:$C$200,$C48)>1,"; Duplicate visit","")&IF(J48="","",IF(OR(J48<HMin,J48>HMax),"; Height out of range",""))&IF(E48="","; No observer","")&IF(G48+H48>0,IF(I48="","; Loss without cause",""),""),3,300)) | Z48: =IF($B48="","",IF(Y48="",0,1+LEN(Y48)-LEN(SUBSTITUTE(Y48,";",""))))
M49: =IF($B49="","",IFERROR(INDEX(Planting_Log!$B$5:$B$60,MATCH($B49,Planting_Log!$A$5:$A$60,0)),"")) | N49: =IF($B49="","",IFERROR(INDEX(Planting_Log!$D$5:$D$60,MATCH($B49,Planting_Log!$A$5:$A$60,0)),"")) | O49: =IF(OR(N49="",C49=""),"",ROUND((C49-N49)/30.44,1)) | P49: =IF(O49="","",IF(O49<2,1,IF(O49<4.5,3,IF(O49<7.5,6,IF(O49<10.5,9,12))))) | Q49: =IF($B49="","",IFERROR(INDEX(Planting_Log!$G$5:$G$60,MATCH($B49,Planting_Log!$A$5:$A$60,0)),"")) | R49: =IF($B49="","",SUMIFS($K$5:$K$200,$B$5:$B$200,$B49,$C$5:$C$200,"<"&$C49)) | S49: =IF(Q49="","",Q49+R49) | T49: =IF(OR(S49="",S49=0),"",F49/S49) | U49: =IF(OR(Q49="",Q49=0),"",F49/Q49) | V49: =IF($B49="","",IF(COUNTIFS($B$5:$B$200,$B49,$C$5:$C$200,"<"&$C49)=0,"",SUMPRODUCT(MAX(($B$5:$B$200=$B49)*($C$5:$C$200<$C49)*$C$5:$C$200)))) | W49: =IF(V49="","",SUMIFS($F$5:$F$200,$B$5:$B$200,$B49,$C$5:$C$200,V49)) | X49: =IF($B49="","",IF(V49="",0,SUMIFS($K$5:$K$200,$B$5:$B$200,$B49,$C$5:$C$200,">="&V49,$C$5:$C$200,"<"&$C49))) | Y49: =IF($B49="","",MID(IF(M49="","; Unknown plot","")&IF(N49="","",IF(C49<N49,"; Visit before planting",""))&IF(S49="","",IF(F49+G49+H49<>S49,"; Count mismatch",""))&IF(W49="","",IF(F49>W49+X49,"; Alive rose without replanting",""))&IF(COUNTIFS($B$5:$B$200,$B49,$C$5:$C$200,$C49)>1,"; Duplicate visit","")&IF(J49="","",IF(OR(J49<HMin,J49>HMax),"; Height out of range",""))&IF(E49="","; No observer","")&IF(G49+H49>0,IF(I49="","; Loss without cause",""),""),3,300)) | Z49: =IF($B49="","",IF(Y49="",0,1+LEN(Y49)-LEN(SUBSTITUTE(Y49,";",""))))
M50: =IF($B50="","",IFERROR(INDEX(Planting_Log!$B$5:$B$60,MATCH($B50,Planting_Log!$A$5:$A$60,0)),"")) | N50: =IF($B50="","",IFERROR(INDEX(Planting_Log!$D$5:$D$60,MATCH($B50,Planting_Log!$A$5:$A$60,0)),"")) | O50: =IF(OR(N50="",C50=""),"",ROUND((C50-N50)/30.44,1)) | P50: =IF(O50="","",IF(O50<2,1,IF(O50<4.5,3,IF(O50<7.5,6,IF(O50<10.5,9,12))))) | Q50: =IF($B50="","",IFERROR(INDEX(Planting_Log!$G$5:$G$60,MATCH($B50,Planting_Log!$A$5:$A$60,0)),"")) | R50: =IF($B50="","",SUMIFS($K$5:$K$200,$B$5:$B$200,$B50,$C$5:$C$200,"<"&$C50)) | S50: =IF(Q50="","",Q50+R50) | T50: =IF(OR(S50="",S50=0),"",F50/S50) | U50: =IF(OR(Q50="",Q50=0),"",F50/Q50) | V50: =IF($B50="","",IF(COUNTIFS($B$5:$B$200,$B50,$C$5:$C$200,"<"&$C50)=0,"",SUMPRODUCT(MAX(($B$5:$B$200=$B50)*($C$5:$C$200<$C50)*$C$5:$C$200)))) | W50: =IF(V50="","",SUMIFS($F$5:$F$200,$B$5:$B$200,$B50,$C$5:$C$200,V50)) | X50: =IF($B50="","",IF(V50="",0,SUMIFS($K$5:$K$200,$B$5:$B$200,$B50,$C$5:$C$200,">="&V50,$C$5:$C$200,"<"&$C50))) | Y50: =IF($B50="","",MID(IF(M50="","; Unknown plot","")&IF(N50="","",IF(C50<N50,"; Visit before planting",""))&IF(S50="","",IF(F50+G50+H50<>S50,"; Count mismatch",""))&IF(W50="","",IF(F50>W50+X50,"; Alive rose without replanting",""))&IF(COUNTIFS($B$5:$B$200,$B50,$C$5:$C$200,$C50)>1,"; Duplicate visit","")&IF(J50="","",IF(OR(J50<HMin,J50>HMax),"; Height out of range",""))&IF(E50="","; No observer","")&IF(G50+H50>0,IF(I50="","; Loss without cause",""),""),3,300)) | Z50: =IF($B50="","",IF(Y50="",0,1+LEN(Y50)-LEN(SUBSTITUTE(Y50,";",""))))
M51: =IF($B51="","",IFERROR(INDEX(Planting_Log!$B$5:$B$60,MATCH($B51,Planting_Log!$A$5:$A$60,0)),"")) | N51: =IF($B51="","",IFERROR(INDEX(Planting_Log!$D$5:$D$60,MATCH($B51,Planting_Log!$A$5:$A$60,0)),"")) | O51: =IF(OR(N51="",C51=""),"",ROUND((C51-N51)/30.44,1)) | P51: =IF(O51="","",IF(O51<2,1,IF(O51<4.5,3,IF(O51<7.5,6,IF(O51<10.5,9,12))))) | Q51: =IF($B51="","",IFERROR(INDEX(Planting_Log!$G$5:$G$60,MATCH($B51,Planting_Log!$A$5:$A$60,0)),"")) | R51: =IF($B51="","",SUMIFS($K$5:$K$200,$B$5:$B$200,$B51,$C$5:$C$200,"<"&$C51)) | S51: =IF(Q51="","",Q51+R51) | T51: =IF(OR(S51="",S51=0),"",F51/S51) | U51: =IF(OR(Q51="",Q51=0),"",F51/Q51) | V51: =IF($B51="","",IF(COUNTIFS($B$5:$B$200,$B51,$C$5:$C$200,"<"&$C51)=0,"",SUMPRODUCT(MAX(($B$5:$B$200=$B51)*($C$5:$C$200<$C51)*$C$5:$C$200)))) | W51: =IF(V51="","",SUMIFS($F$5:$F$200,$B$5:$B$200,$B51,$C$5:$C$200,V51)) | X51: =IF($B51="","",IF(V51="",0,SUMIFS($K$5:$K$200,$B$5:$B$200,$B51,$C$5:$C$200,">="&V51,$C$5:$C$200,"<"&$C51))) | Y51: =IF($B51="","",MID(IF(M51="","; Unknown plot","")&IF(N51="","",IF(C51<N51,"; Visit before planting",""))&IF(S51="","",IF(F51+G51+H51<>S51,"; Count mismatch",""))&IF(W51="","",IF(F51>W51+X51,"; Alive rose without replanting",""))&IF(COUNTIFS($B$5:$B$200,$B51,$C$5:$C$200,$C51)>1,"; Duplicate visit","")&IF(J51="","",IF(OR(J51<HMin,J51>HMax),"; Height out of range",""))&IF(E51="","; No observer","")&IF(G51+H51>0,IF(I51="","; Loss without cause",""),""),3,300)) | Z51: =IF($B51="","",IF(Y51="",0,1+LEN(Y51)-LEN(SUBSTITUTE(Y51,";",""))))
M52: =IF($B52="","",IFERROR(INDEX(Planting_Log!$B$5:$B$60,MATCH($B52,Planting_Log!$A$5:$A$60,0)),"")) | N52: =IF($B52="","",IFERROR(INDEX(Planting_Log!$D$5:$D$60,MATCH($B52,Planting_Log!$A$5:$A$60,0)),"")) | O52: =IF(OR(N52="",C52=""),"",ROUND((C52-N52)/30.44,1)) | P52: =IF(O52="","",IF(O52<2,1,IF(O52<4.5,3,IF(O52<7.5,6,IF(O52<10.5,9,12))))) | Q52: =IF($B52="","",IFERROR(INDEX(Planting_Log!$G$5:$G$60,MATCH($B52,Planting_Log!$A$5:$A$60,0)),"")) | R52: =IF($B52="","",SUMIFS($K$5:$K$200,$B$5:$B$200,$B52,$C$5:$C$200,"<"&$C52)) | S52: =IF(Q52="","",Q52+R52) | T52: =IF(OR(S52="",S52=0),"",F52/S52) | U52: =IF(OR(Q52="",Q52=0),"",F52/Q52) | V52: =IF($B52="","",IF(COUNTIFS($B$5:$B$200,$B52,$C$5:$C$200,"<"&$C52)=0,"",SUMPRODUCT(MAX(($B$5:$B$200=$B52)*($C$5:$C$200<$C52)*$C$5:$C$200)))) | W52: =IF(V52="","",SUMIFS($F$5:$F$200,$B$5:$B$200,$B52,$C$5:$C$200,V52)) | X52: =IF($B52="","",IF(V52="",0,SUMIFS($K$5:$K$200,$B$5:$B$200,$B52,$C$5:$C$200,">="&V52,$C$5:$C$200,"<"&$C52))) | Y52: =IF($B52="","",MID(IF(M52="","; Unknown plot","")&IF(N52="","",IF(C52<N52,"; Visit before planting",""))&IF(S52="","",IF(F52+G52+H52<>S52,"; Count mismatch",""))&IF(W52="","",IF(F52>W52+X52,"; Alive rose without replanting",""))&IF(COUNTIFS($B$5:$B$200,$B52,$C$5:$C$200,$C52)>1,"; Duplicate visit","")&IF(J52="","",IF(OR(J52<HMin,J52>HMax),"; Height out of range",""))&IF(E52="","; No observer","")&IF(G52+H52>0,IF(I52="","; Loss without cause",""),""),3,300)) | Z52: =IF($B52="","",IF(Y52="",0,1+LEN(Y52)-LEN(SUBSTITUTE(Y52,";",""))))
M53: =IF($B53="","",IFERROR(INDEX(Planting_Log!$B$5:$B$60,MATCH($B53,Planting_Log!$A$5:$A$60,0)),"")) | N53: =IF($B53="","",IFERROR(INDEX(Planting_Log!$D$5:$D$60,MATCH($B53,Planting_Log!$A$5:$A$60,0)),"")) | O53: =IF(OR(N53="",C53=""),"",ROUND((C53-N53)/30.44,1)) | P53: =IF(O53="","",IF(O53<2,1,IF(O53<4.5,3,IF(O53<7.5,6,IF(O53<10.5,9,12))))) | Q53: =IF($B53="","",IFERROR(INDEX(Planting_Log!$G$5:$G$60,MATCH($B53,Planting_Log!$A$5:$A$60,0)),"")) | R53: =IF($B53="","",SUMIFS($K$5:$K$200,$B$5:$B$200,$B53,$C$5:$C$200,"<"&$C53)) | S53: =IF(Q53="","",Q53+R53) | T53: =IF(OR(S53="",S53=0),"",F53/S53) | U53: =IF(OR(Q53="",Q53=0),"",F53/Q53) | V53: =IF($B53="","",IF(COUNTIFS($B$5:$B$200,$B53,$C$5:$C$200,"<"&$C53)=0,"",SUMPRODUCT(MAX(($B$5:$B$200=$B53)*($C$5:$C$200<$C53)*$C$5:$C$200)))) | W53: =IF(V53="","",SUMIFS($F$5:$F$200,$B$5:$B$200,$B53,$C$5:$C$200,V53)) | X53: =IF($B53="","",IF(V53="",0,SUMIFS($K$5:$K$200,$B$5:$B$200,$B53,$C$5:$C$200,">="&V53,$C$5:$C$200,"<"&$C53))) | Y53: =IF($B53="","",MID(IF(M53="","; Unknown plot","")&IF(N53="","",IF(C53<N53,"; Visit before planting",""))&IF(S53="","",IF(F53+G53+H53<>S53,"; Count mismatch",""))&IF(W53="","",IF(F53>W53+X53,"; Alive rose without replanting",""))&IF(COUNTIFS($B$5:$B$200,$B53,$C$5:$C$200,$C53)>1,"; Duplicate visit","")&IF(J53="","",IF(OR(J53<HMin,J53>HMax),"; Height out of range",""))&IF(E53="","; No observer","")&IF(G53+H53>0,IF(I53="","; Loss without cause",""),""),3,300)) | Z53: =IF($B53="","",IF(Y53="",0,1+LEN(Y53)-LEN(SUBSTITUTE(Y53,";",""))))
M54: =IF($B54="","",IFERROR(INDEX(Planting_Log!$B$5:$B$60,MATCH($B54,Planting_Log!$A$5:$A$60,0)),"")) | N54: =IF($B54="","",IFERROR(INDEX(Planting_Log!$D$5:$D$60,MATCH($B54,Planting_Log!$A$5:$A$60,0)),"")) | O54: =IF(OR(N54="",C54=""),"",ROUND((C54-N54)/30.44,1)) | P54: =IF(O54="","",IF(O54<2,1,IF(O54<4.5,3,IF(O54<7.5,6,IF(O54<10.5,9,12))))) | Q54: =IF($B54="","",IFERROR(INDEX(Planting_Log!$G$5:$G$60,MATCH($B54,Planting_Log!$A$5:$A$60,0)),"")) | R54: =IF($B54="","",SUMIFS($K$5:$K$200,$B$5:$B$200,$B54,$C$5:$C$200,"<"&$C54)) | S54: =IF(Q54="","",Q54+R54) | T54: =IF(OR(S54="",S54=0),"",F54/S54) | U54: =IF(OR(Q54="",Q54=0),"",F54/Q54) | V54: =IF($B54="","",IF(COUNTIFS($B$5:$B$200,$B54,$C$5:$C$200,"<"&$C54)=0,"",SUMPRODUCT(MAX(($B$5:$B$200=$B54)*($C$5:$C$200<$C54)*$C$5:$C$200)))) | W54: =IF(V54="","",SUMIFS($F$5:$F$200,$B$5:$B$200,$B54,$C$5:$C$200,V54)) | X54: =IF($B54="","",IF(V54="",0,SUMIFS($K$5:$K$200,$B$5:$B$200,$B54,$C$5:$C$200,">="&V54,$C$5:$C$200,"<"&$C54))) | Y54: =IF($B54="","",MID(IF(M54="","; Unknown plot","")&IF(N54="","",IF(C54<N54,"; Visit before planting",""))&IF(S54="","",IF(F54+G54+H54<>S54,"; Count mismatch",""))&IF(W54="","",IF(F54>W54+X54,"; Alive rose without replanting",""))&IF(COUNTIFS($B$5:$B$200,$B54,$C$5:$C$200,$C54)>1,"; Duplicate visit","")&IF(J54="","",IF(OR(J54<HMin,J54>HMax),"; Height out of range",""))&IF(E54="","; No observer","")&IF(G54+H54>0,IF(I54="","; Loss without cause",""),""),3,300)) | Z54: =IF($B54="","",IF(Y54="",0,1+LEN(Y54)-LEN(SUBSTITUTE(Y54,";",""))))
M55: =IF($B55="","",IFERROR(INDEX(Planting_Log!$B$5:$B$60,MATCH($B55,Planting_Log!$A$5:$A$60,0)),"")) | N55: =IF($B55="","",IFERROR(INDEX(Planting_Log!$D$5:$D$60,MATCH($B55,Planting_Log!$A$5:$A$60,0)),"")) | O55: =IF(OR(N55="",C55=""),"",ROUND((C55-N55)/30.44,1)) | P55: =IF(O55="","",IF(O55<2,1,IF(O55<4.5,3,IF(O55<7.5,6,IF(O55<10.5,9,12))))) | Q55: =IF($B55="","",IFERROR(INDEX(Planting_Log!$G$5:$G$60,MATCH($B55,Planting_Log!$A$5:$A$60,0)),"")) | R55: =IF($B55="","",SUMIFS($K$5:$K$200,$B$5:$B$200,$B55,$C$5:$C$200,"<"&$C55)) | S55: =IF(Q55="","",Q55+R55) | T55: =IF(OR(S55="",S55=0),"",F55/S55) | U55: =IF(OR(Q55="",Q55=0),"",F55/Q55) | V55: =IF($B55="","",IF(COUNTIFS($B$5:$B$200,$B55,$C$5:$C$200,"<"&$C55)=0,"",SUMPRODUCT(MAX(($B$5:$B$200=$B55)*($C$5:$C$200<$C55)*$C$5:$C$200)))) | W55: =IF(V55="","",SUMIFS($F$5:$F$200,$B$5:$B$200,$B55,$C$5:$C$200,V55)) | X55: =IF($B55="","",IF(V55="",0,SUMIFS($K$5:$K$200,$B$5:$B$200,$B55,$C$5:$C$200,">="&V55,$C$5:$C$200,"<"&$C55))) | Y55: =IF($B55="","",MID(IF(M55="","; Unknown plot","")&IF(N55="","",IF(C55<N55,"; Visit before planting",""))&IF(S55="","",IF(F55+G55+H55<>S55,"; Count mismatch",""))&IF(W55="","",IF(F55>W55+X55,"; Alive rose without replanting",""))&IF(COUNTIFS($B$5:$B$200,$B55,$C$5:$C$200,$C55)>1,"; Duplicate visit","")&IF(J55="","",IF(OR(J55<HMin,J55>HMax),"; Height out of range",""))&IF(E55="","; No observer","")&IF(G55+H55>0,IF(I55="","; Loss without cause",""),""),3,300)) | Z55: =IF($B55="","",IF(Y55="",0,1+LEN(Y55)-LEN(SUBSTITUTE(Y55,";",""))))
M56: =IF($B56="","",IFERROR(INDEX(Planting_Log!$B$5:$B$60,MATCH($B56,Planting_Log!$A$5:$A$60,0)),"")) | N56: =IF($B56="","",IFERROR(INDEX(Planting_Log!$D$5:$D$60,MATCH($B56,Planting_Log!$A$5:$A$60,0)),"")) | O56: =IF(OR(N56="",C56=""),"",ROUND((C56-N56)/30.44,1)) | P56: =IF(O56="","",IF(O56<2,1,IF(O56<4.5,3,IF(O56<7.5,6,IF(O56<10.5,9,12))))) | Q56: =IF($B56="","",IFERROR(INDEX(Planting_Log!$G$5:$G$60,MATCH($B56,Planting_Log!$A$5:$A$60,0)),"")) | R56: =IF($B56="","",SUMIFS($K$5:$K$200,$B$5:$B$200,$B56,$C$5:$C$200,"<"&$C56)) | S56: =IF(Q56="","",Q56+R56) | T56: =IF(OR(S56="",S56=0),"",F56/S56) | U56: =IF(OR(Q56="",Q56=0),"",F56/Q56) | V56: =IF($B56="","",IF(COUNTIFS($B$5:$B$200,$B56,$C$5:$C$200,"<"&$C56)=0,"",SUMPRODUCT(MAX(($B$5:$B$200=$B56)*($C$5:$C$200<$C56)*$C$5:$C$200)))) | W56: =IF(V56="","",SUMIFS($F$5:$F$200,$B$5:$B$200,$B56,$C$5:$C$200,V56)) | X56: =IF($B56="","",IF(V56="",0,SUMIFS($K$5:$K$200,$B$5:$B$200,$B56,$C$5:$C$200,">="&V56,$C$5:$C$200,"<"&$C56))) | Y56: =IF($B56="","",MID(IF(M56="","; Unknown plot","")&IF(N56="","",IF(C56<N56,"; Visit before planting",""))&IF(S56="","",IF(F56+G56+H56<>S56,"; Count mismatch",""))&IF(W56="","",IF(F56>W56+X56,"; Alive rose without replanting",""))&IF(COUNTIFS($B$5:$B$200,$B56,$C$5:$C$200,$C56)>1,"; Duplicate visit","")&IF(J56="","",IF(OR(J56<HMin,J56>HMax),"; Height out of range",""))&IF(E56="","; No observer","")&IF(G56+H56>0,IF(I56="","; Loss without cause",""),""),3,300)) | Z56: =IF($B56="","",IF(Y56="",0,1+LEN(Y56)-LEN(SUBSTITUTE(Y56,";",""))))
... M84: =IF($B84="","",IFERROR(INDEX(Planting_Log!$B$5:$B$60,MATCH($B84,Planting_Log!$A$5:$A$60,0)),"")) | N84: =IF($B84="","",IFERROR(INDEX(Planting_Log!$D$5:$D$60,MATCH($B84,Planting_Log!$A$5:$A$60,0)),"")) | O84: =IF(OR(N84="",C84=""),"",ROUND((C84-N84)/30.44,1)) | P84: =IF(O84="","",IF(O84<2,1,IF(O84<4.5,3,IF(O84<7.5,6,IF(O84<10.5,9,12))))) | Q84: =IF($B84="","",IFERROR(INDEX(Planting_Log!$G$5:$G$60,MATCH($B84,Planting_Log!$A$5:$A$60,0)),"")) | R84: =IF($B84="","",SUMIFS($K$5:$K$200,$B$5:$B$200,$B84,$C$5:$C$200,"<"&$C84)) | S84: =IF(Q84="","",Q84+R84) | T84: =IF(OR(S84="",S84=0),"",F84/S84) | U84: =IF(OR(Q84="",Q84=0),"",F84/Q84) | V84: =IF($B84="","",IF(COUNTIFS($B$5:$B$200,$B84,$C$5:$C$200,"<"&$C84)=0,"",SUMPRODUCT(MAX(($B$5:$B$200=$B84)*($C$5:$C$200<$C84)*$C$5:$C$200)))) | W84: =IF(V84="","",SUMIFS($F$5:$F$200,$B$5:$B$200,$B84,$C$5:$C$200,V84)) | X84: =IF($B84="","",IF(V84="",0,SUMIFS($K$5:$K$200,$B$5:$B$200,$B84,$C$5:$C$200,">="&V84,$C$5:$C$200,"<"&$C84))) | Y84: =IF($B84="","",MID(IF(M84="","; Unknown plot","")&IF(N84="","",IF(C84<N84,"; Visit before planting",""))&IF(S84="","",IF(F84+G84+H84<>S84,"; Count mismatch",""))&IF(W84="","",IF(F84>W84+X84,"; Alive rose without replanting",""))&IF(COUNTIFS($B$5:$B$200,$B84,$C$5:$C$200,$C84)>1,"; Duplicate visit","")&IF(J84="","",IF(OR(J84<HMin,J84>HMax),"; Height out of range",""))&IF(E84="","; No observer","")&IF(G84+H84>0,IF(I84="","; Loss without cause",""),""),3,300)) | Z84: =IF($B84="","",IF(Y84="",0,1+LEN(Y84)-LEN(SUBSTITUTE(Y84,";",""))))

Sheet Plot_Status
A1: Plot status
A2: One row per plot, from the last census that passed every check. Read Next action first.
A4: Plot ID | B4: Site | C4: Seedlings planted | D4: Planted on | E4: Last clean visit | F4: Census month at last visit | G4: Alive at last visit | H4: Replanted before last visit | I4: Stocking (vs design) | J4: Survival (all planted) | K4: Replanted at last visit | L4: Status | M4: Seedlings to replant | N4: Days since last visit | O4: Open QA rows | P4: Next action | Q4: Seedlings lost | R4: Main cause at last visit | S4: Trigger
A5: =IF(Planting_Log!A5="","",Planting_Log!A5) -> A01 | B5: =IF(A5="","",Planting_Log!B5) -> Site A - seaward fringe | C5: =IF(A5="","",Planting_Log!G5) -> 500 | D5: =IF(A5="","",Planting_Log!D5) -> 45948 | E5: =IF(A5="","",IF(SUMPRODUCT((Monitoring!$B$5:$B$200=A5)*(Monitoring!$Z$5:$Z$200=0)*(Monitoring!$C$5:$C$200<>""))=0,"",SUMPRODUCT(MAX((Monitoring!$B$5:$B$200=A5)*(Monitoring!$Z$5:$Z$200=0)*Monitoring!$C$5:$C$200)))) -> 46158 | F5: =IF(E5="","",IF((E5-D5)/30.44<2,1,IF((E5-D5)/30.44<4.5,3,IF((E5-D5)/30.44<7.5,6,IF((E5-D5)/30.44<10.5,9,12))))) -> 6 | G5: =IF(E5="","",SUMIFS(Monitoring!$F$5:$F$200,Monitoring!$B$5:$B$200,A5,Monitoring!$C$5:$C$200,E5,Monitoring!$Z$5:$Z$200,0)) -> 286 | H5: =IF(E5="","",SUMIFS(Monitoring!$K$5:$K$200,Monitoring!$B$5:$B$200,A5,Monitoring!$C$5:$C$200,"<"&E5)) -> 0 | I5: =IF(E5="","",G5/C5) -> 0.572 | J5: =IF(E5="","",G5/(C5+H5)) -> 0.572 | K5: =IF(E5="","",SUMIFS(Monitoring!$K$5:$K$200,Monitoring!$B$5:$B$200,A5,Monitoring!$C$5:$C$200,E5)) -> 115 | L5: =IF(A5="","",IF(E5="","No clean census",IF(K5>0,"Replanted, recheck",IF(AND(F5>=TriggerMonth,I5<Trigger),"Replant",IF(I5<Trigger+WatchBand,"Watch","On track"))))) -> Replanted, recheck | M5: =IF(L5="Replant",ROUNDUP(C5*Target-G5,0),0) -> 0 | N5: =IF(E5="","",ReportDate-E5) -> 137 | O5: =IF(A5="","",COUNTIFS(Monitoring!$B$5:$B$200,A5,Monitoring!$Z$5:$Z$200,">0")) -> 0 | P5: =IF(A5="","",IF(L5="No clean census","Correct flagged rows, then recount",IF(L5="Replant","Replant "&M5&" seedlings with the partner group"&IF(N5>OverdueDays,"; census overdue",""),IF(N5>OverdueDays,"Census overdue",IF(L5="Replanted, recheck","Recount at the next census",IF(L5="Watch","Check the cause at the next visit","Routine census")))))&IF(O5>0,"; fix "&O5&" flagged row"&IF(O5>1,"s",""),"")) -> Census overdue | Q5: =IF(E5="","",C5+H5-G5) -> 214 | R5: =IF(E5="","",INDEX(Monitoring!$I$5:$I$200,SUMPRODUCT((Monitoring!$B$5:$B$200=A5)*(Monitoring!$C$5:$C$200=E5)*(Monitoring!$Z$5:$Z$200=0)*(ROW(Monitoring!$B$5:$B$200)-4)))&"") -> Wave/scour | S5: =IF(A5="","",Trigger) -> 0.7
A6: =IF(Planting_Log!A6="","",Planting_Log!A6) -> A02 | B6: =IF(A6="","",Planting_Log!B6) -> Site A - seaward fringe | C6: =IF(A6="","",Planting_Log!G6) -> 500 | D6: =IF(A6="","",Planting_Log!D6) -> 45948 | E6: =IF(A6="","",IF(SUMPRODUCT((Monitoring!$B$5:$B$200=A6)*(Monitoring!$Z$5:$Z$200=0)*(Monitoring!$C$5:$C$200<>""))=0,"",SUMPRODUCT(MAX((Monitoring!$B$5:$B$200=A6)*(Monitoring!$Z$5:$Z$200=0)*Monitoring!$C$5:$C$200)))) -> 46221 | F6: =IF(E6="","",IF((E6-D6)/30.44<2,1,IF((E6-D6)/30.44<4.5,3,IF((E6-D6)/30.44<7.5,6,IF((E6-D6)/30.44<10.5,9,12))))) -> 9 | G6: =IF(E6="","",SUMIFS(Monitoring!$F$5:$F$200,Monitoring!$B$5:$B$200,A6,Monitoring!$C$5:$C$200,E6,Monitoring!$Z$5:$Z$200,0)) -> 372 | H6: =IF(E6="","",SUMIFS(Monitoring!$K$5:$K$200,Monitoring!$B$5:$B$200,A6,Monitoring!$C$5:$C$200,"<"&E6)) -> 157 | I6: =IF(E6="","",G6/C6) -> 0.744 | J6: =IF(E6="","",G6/(C6+H6)) -> 0.56621005 | K6: =IF(E6="","",SUMIFS(Monitoring!$K$5:$K$200,Monitoring!$B$5:$B$200,A6,Monitoring!$C$5:$C$200,E6)) -> 0 | L6: =IF(A6="","",IF(E6="","No clean census",IF(K6>0,"Replanted, recheck",IF(AND(F6>=TriggerMonth,I6<Trigger),"Replant",IF(I6<Trigger+WatchBand,"Watch","On track"))))) -> Watch | M6: =IF(L6="Replant",ROUNDUP(C6*Target-G6,0),0) -> 0 | N6: =IF(E6="","",ReportDate-E6) -> 74 | O6: =IF(A6="","",COUNTIFS(Monitoring!$B$5:$B$200,A6,Monitoring!$Z$5:$Z$200,">0")) -> 0 | P6: =IF(A6="","",IF(L6="No clean census","Correct flagged rows, then recount",IF(L6="Replant","Replant "&M6&" seedlings with the partner group"&IF(N6>OverdueDays,"; census overdue",""),IF(N6>OverdueDays,"Census overdue",IF(L6="Replanted, recheck","Recount at the next census",IF(L6="Watch","Check the cause at the next visit","Routine census")))))&IF(O6>0,"; fix "&O6&" flagged row"&IF(O6>1,"s",""),"")) -> Check the cause at the next visit | Q6: =IF(E6="","",C6+H6-G6) -> 285 | R6: =IF(E6="","",INDEX(Monitoring!$I$5:$I$200,SUMPRODUCT((Monitoring!$B$5:$B$200=A6)*(Monitoring!$C$5:$C$200=E6)*(Monitoring!$Z$5:$Z$200=0)*(ROW(Monitoring!$B$5:$B$200)-4)))&"") -> Barnacles | S6: =IF(A6="","",Trigger) -> 0.7
A7: =IF(Planting_Log!A7="","",Planting_Log!A7) -> A03 | B7: =IF(A7="","",Planting_Log!B7) -> Site A - seaward fringe | C7: =IF(A7="","",Planting_Log!G7) -> 500 | D7: =IF(A7="","",Planting_Log!D7) -> 45948 | E7: =IF(A7="","",IF(SUMPRODUCT((Monitoring!$B$5:$B$200=A7)*(Monitoring!$Z$5:$Z$200=0)*(Monitoring!$C$5:$C$200<>""))=0,"",SUMPRODUCT(MAX((Monitoring!$B$5:$B$200=A7)*(Monitoring!$Z$5:$Z$200=0)*Monitoring!$C$5:$C$200)))) -> 46130 | F7: =IF(E7="","",IF((E7-D7)/30.44<2,1,IF((E7-D7)/30.44<4.5,3,IF((E7-D7)/30.44<7.5,6,IF((E7-D7)/30.44<10.5,9,12))))) -> 6 | G7: =IF(E7="","",SUMIFS(Monitoring!$F$5:$F$200,Monitoring!$B$5:$B$200,A7,Monitoring!$C$5:$C$200,E7,Monitoring!$Z$5:$Z$200,0)) -> 365 | H7: =IF(E7="","",SUMIFS(Monitoring!$K$5:$K$200,Monitoring!$B$5:$B$200,A7,Monitoring!$C$5:$C$200,"<"&E7)) -> 0 | I7: =IF(E7="","",G7/C7) -> 0.73 | J7: =IF(E7="","",G7/(C7+H7)) -> 0.73 | K7: =IF(E7="","",SUMIFS(Monitoring!$K$5:$K$200,Monitoring!$B$5:$B$200,A7,Monitoring!$C$5:$C$200,E7)) -> 0 | L7: =IF(A7="","",IF(E7="","No clean census",IF(K7>0,"Replanted, recheck",IF(AND(F7>=TriggerMonth,I7<Trigger),"Replant",IF(I7<Trigger+WatchBand,"Watch","On track"))))) -> Watch | M7: =IF(L7="Replant",ROUNDUP(C7*Target-G7,0),0) -> 0 | N7: =IF(E7="","",ReportDate-E7) -> 165 | O7: =IF(A7="","",COUNTIFS(Monitoring!$B$5:$B$200,A7,Monitoring!$Z$5:$Z$200,">0")) -> 1 | P7: =IF(A7="","",IF(L7="No clean census","Correct flagged rows, then recount",IF(L7="Replant","Replant "&M7&" seedlings with the partner group"&IF(N7>OverdueDays,"; census overdue",""),IF(N7>OverdueDays,"Census overdue",IF(L7="Replanted, recheck","Recount at the next census",IF(L7="Watch","Check the cause at the next visit","Routine census")))))&IF(O7>0,"; fix "&O7&" flagged row"&IF(O7>1,"s",""),"")) -> Census overdue; fix 1 flagged row | Q7: =IF(E7="","",C7+H7-G7) -> 135 | R7: =IF(E7="","",INDEX(Monitoring!$I$5:$I$200,SUMPRODUCT((Monitoring!$B$5:$B$200=A7)*(Monitoring!$C$5:$C$200=E7)*(Monitoring!$Z$5:$Z$200=0)*(ROW(Monitoring!$B$5:$B$200)-4)))&"") -> Barnacles | S7: =IF(A7="","",Trigger) -> 0.7
A8: =IF(Planting_Log!A8="","",Planting_Log!A8) -> A04 | B8: =IF(A8="","",Planting_Log!B8) -> Site A - seaward fringe | C8: =IF(A8="","",Planting_Log!G8) -> 450 | D8: =IF(A8="","",Planting_Log!D8) -> 45949 | E8: =IF(A8="","",IF(SUMPRODUCT((Monitoring!$B$5:$B$200=A8)*(Monitoring!$Z$5:$Z$200=0)*(Monitoring!$C$5:$C$200<>""))=0,"",SUMPRODUCT(MAX((Monitoring!$B$5:$B$200=A8)*(Monitoring!$Z$5:$Z$200=0)*Monitoring!$C$5:$C$200)))) -> 46130 | F8: =IF(E8="","",IF((E8-D8)/30.44<2,1,IF((E8-D8)/30.44<4.5,3,IF((E8-D8)/30.44<7.5,6,IF((E8-D8)/30.44<10.5,9,12))))) -> 6 | G8: =IF(E8="","",SUMIFS(Monitoring!$F$5:$F$200,Monitoring!$B$5:$B$200,A8,Monitoring!$C$5:$C$200,E8,Monitoring!$Z$5:$Z$200,0)) -> 300 | H8: =IF(E8="","",SUMIFS(Monitoring!$K$5:$K$200,Monitoring!$B$5:$B$200,A8,Monitoring!$C$5:$C$200,"<"&E8)) -> 0 | I8: =IF(E8="","",G8/C8) -> 0.66666667 | J8: =IF(E8="","",G8/(C8+H8)) -> 0.66666667 | K8: =IF(E8="","",SUMIFS(Monitoring!$K$5:$K$200,Monitoring!$B$5:$B$200,A8,Monitoring!$C$5:$C$200,E8)) -> 0 | L8: =IF(A8="","",IF(E8="","No clean census",IF(K8>0,"Replanted, recheck",IF(AND(F8>=TriggerMonth,I8<Trigger),"Replant",IF(I8<Trigger+WatchBand,"Watch","On track"))))) -> Replant | M8: =IF(L8="Replant",ROUNDUP(C8*Target-G8,0),0) -> 60 | N8: =IF(E8="","",ReportDate-E8) -> 165 | O8: =IF(A8="","",COUNTIFS(Monitoring!$B$5:$B$200,A8,Monitoring!$Z$5:$Z$200,">0")) -> 0 | P8: =IF(A8="","",IF(L8="No clean census","Correct flagged rows, then recount",IF(L8="Replant","Replant "&M8&" seedlings with the partner group"&IF(N8>OverdueDays,"; census overdue",""),IF(N8>OverdueDays,"Census overdue",IF(L8="Replanted, recheck","Recount at the next census",IF(L8="Watch","Check the cause at the next visit","Routine census")))))&IF(O8>0,"; fix "&O8&" flagged row"&IF(O8>1,"s",""),"")) -> Replant 60 seedlings with the partner group; census overdue | Q8: =IF(E8="","",C8+H8-G8) -> 150 | R8: =IF(E8="","",INDEX(Monitoring!$I$5:$I$200,SUMPRODUCT((Monitoring!$B$5:$B$200=A8)*(Monitoring!$C$5:$C$200=E8)*(Monitoring!$Z$5:$Z$200=0)*(ROW(Monitoring!$B$5:$B$200)-4)))&"") -> Barnacles | S8: =IF(A8="","",Trigger) -> 0.7
A9: =IF(Planting_Log!A9="","",Planting_Log!A9) -> B01 | B9: =IF(A9="","",Planting_Log!B9) -> Site B - pond dyke | C9: =IF(A9="","",Planting_Log!G9) -> 600 | D9: =IF(A9="","",Planting_Log!D9) -> 46046 | E9: =IF(A9="","",IF(SUMPRODUCT((Monitoring!$B$5:$B$200=A9)*(Monitoring!$Z$5:$Z$200=0)*(Monitoring!$C$5:$C$200<>""))=0,"",SUMPRODUCT(MAX((Monitoring!$B$5:$B$200=A9)*(Monitoring!$Z$5:$Z$200=0)*Monitoring!$C$5:$C$200)))) -> 46228 | F9: =IF(E9="","",IF((E9-D9)/30.44<2,1,IF((E9-D9)/30.44<4.5,3,IF((E9-D9)/30.44<7.5,6,IF((E9-D9)/30.44<10.5,9,12))))) -> 6 | G9: =IF(E9="","",SUMIFS(Monitoring!$F$5:$F$200,Monitoring!$B$5:$B$200,A9,Monitoring!$C$5:$C$200,E9,Monitoring!$Z$5:$Z$200,0)) -> 510 | H9: =IF(E9="","",SUMIFS(Monitoring!$K$5:$K$200,Monitoring!$B$5:$B$200,A9,Monitoring!$C$5:$C$200,"<"&E9)) -> 0 | I9: =IF(E9="","",G9/C9) -> 0.85 | J9: =IF(E9="","",G9/(C9+H9)) -> 0.85 | K9: =IF(E9="","",SUMIFS(Monitoring!$K$5:$K$200,Monitoring!$B$5:$B$200,A9,Monitoring!$C$5:$C$200,E9)) -> 0 | L9: =IF(A9="","",IF(E9="","No clean census",IF(K9>0,"Replanted, recheck",IF(AND(F9>=TriggerMonth,I9<Trigger),"Replant",IF(I9<Trigger+WatchBand,"Watch","On track"))))) -> On track | M9: =IF(L9="Replant",ROUNDUP(C9*Target-G9,0),0) -> 0 | N9: =IF(E9="","",ReportDate-E9) -> 67 | O9: =IF(A9="","",COUNTIFS(Monitoring!$B$5:$B$200,A9,Monitoring!$Z$5:$Z$200,">0")) -> 1 | P9: =IF(A9="","",IF(L9="No clean census","Correct flagged rows, then recount",IF(L9="Replant","Replant "&M9&" seedlings with the partner group"&IF(N9>OverdueDays,"; census overdue",""),IF(N9>OverdueDays,"Census overdue",IF(L9="Replanted, recheck","Recount at the next census",IF(L9="Watch","Check the cause at the next visit","Routine census")))))&IF(O9>0,"; fix "&O9&" flagged row"&IF(O9>1,"s",""),"")) -> Routine census; fix 1 flagged row | Q9: =IF(E9="","",C9+H9-G9) -> 90 | R9: =IF(E9="","",INDEX(Monitoring!$I$5:$I$200,SUMPRODUCT((Monitoring!$B$5:$B$200=A9)*(Monitoring!$C$5:$C$200=E9)*(Monitoring!$Z$5:$Z$200=0)*(ROW(Monitoring!$B$5:$B$200)-4)))&"") -> Crab damage | S9: =IF(A9="","",Trigger) -> 0.7
A10: =IF(Planting_Log!A10="","",Planting_Log!A10) -> B02 | B10: =IF(A10="","",Planting_Log!B10) -> Site B - pond dyke | C10: =IF(A10="","",Planting_Log!G10) -> 600 | D10: =IF(A10="","",Planting_Log!D10) -> 46046 | E10: =IF(A10="","",IF(SUMPRODUCT((Monitoring!$B$5:$B$200=A10)*(Monitoring!$Z$5:$Z$200=0)*(Monitoring!$C$5:$C$200<>""))=0,"",SUMPRODUCT(MAX((Monitoring!$B$5:$B$200=A10)*(Monitoring!$Z$5:$Z$200=0)*Monitoring!$C$5:$C$200)))) -> 46137 | F10: =IF(E10="","",IF((E10-D10)/30.44<2,1,IF((E10-D10)/30.44<4.5,3,IF((E10-D10)/30.44<7.5,6,IF((E10-D10)/30.44<10.5,9,12))))) -> 3 | G10: =IF(E10="","",SUMIFS(Monitoring!$F$5:$F$200,Monitoring!$B$5:$B$200,A10,Monitoring!$C$5:$C$200,E10,Monitoring!$Z$5:$Z$200,0)) -> 545 | H10: =IF(E10="","",SUMIFS(Monitoring!$K$5:$K$200,Monitoring!$B$5:$B$200,A10,Monitoring!$C$5:$C$200,"<"&E10)) -> 0 | I10: =IF(E10="","",G10/C10) -> 0.90833333 | J10: =IF(E10="","",G10/(C10+H10)) -> 0.90833333 | K10: =IF(E10="","",SUMIFS(Monitoring!$K$5:$K$200,Monitoring!$B$5:$B$200,A10,Monitoring!$C$5:$C$200,E10)) -> 0 | L10: =IF(A10="","",IF(E10="","No clean census",IF(K10>0,"Replanted, recheck",IF(AND(F10>=TriggerMonth,I10<Trigger),"Replant",IF(I10<Trigger+WatchBand,"Watch","On track"))))) -> On track | M10: =IF(L10="Replant",ROUNDUP(C10*Target-G10,0),0) -> 0 | N10: =IF(E10="","",ReportDate-E10) -> 158 | O10: =IF(A10="","",COUNTIFS(Monitoring!$B$5:$B$200,A10,Monitoring!$Z$5:$Z$200,">0")) -> 1 | P10: =IF(A10="","",IF(L10="No clean census","Correct flagged rows, then recount",IF(L10="Replant","Replant "&M10&" seedlings with the partner group"&IF(N10>OverdueDays,"; census overdue",""),IF(N10>OverdueDays,"Census overdue",IF(L10="Replanted, recheck","Recount at the next census",IF(L10="Watch","Check the cause at the next visit","Routine census")))))&IF(O10>0,"; fix "&O10&" flagged row"&IF(O10>1,"s",""),"")) -> Census overdue; fix 1 flagged row | Q10: =IF(E10="","",C10+H10-G10) -> 55 | R10: =IF(E10="","",INDEX(Monitoring!$I$5:$I$200,SUMPRODUCT((Monitoring!$B$5:$B$200=A10)*(Monitoring!$C$5:$C$200=E10)*(Monitoring!$Z$5:$Z$200=0)*(ROW(Monitoring!$B$5:$B$200)-4)))&"") -> Crab damage | S10: =IF(A10="","",Trigger) -> 0.7
A11: =IF(Planting_Log!A11="","",Planting_Log!A11) -> B03 | B11: =IF(A11="","",Planting_Log!B11) -> Site B - pond dyke | C11: =IF(A11="","",Planting_Log!G11) -> 550 | D11: =IF(A11="","",Planting_Log!D11) -> 46046 | E11: =IF(A11="","",IF(SUMPRODUCT((Monitoring!$B$5:$B$200=A11)*(Monitoring!$Z$5:$Z$200=0)*(Monitoring!$C$5:$C$200<>""))=0,"",SUMPRODUCT(MAX((Monitoring!$B$5:$B$200=A11)*(Monitoring!$Z$5:$Z$200=0)*Monitoring!$C$5:$C$200)))) -> 46228 | F11: =IF(E11="","",IF((E11-D11)/30.44<2,1,IF((E11-D11)/30.44<4.5,3,IF((E11-D11)/30.44<7.5,6,IF((E11-D11)/30.44<10.5,9,12))))) -> 6 | G11: =IF(E11="","",SUMIFS(Monitoring!$F$5:$F$200,Monitoring!$B$5:$B$200,A11,Monitoring!$C$5:$C$200,E11,Monitoring!$Z$5:$Z$200,0)) -> 365 | H11: =IF(E11="","",SUMIFS(Monitoring!$K$5:$K$200,Monitoring!$B$5:$B$200,A11,Monitoring!$C$5:$C$200,"<"&E11)) -> 0 | I11: =IF(E11="","",G11/C11) -> 0.66363636 | J11: =IF(E11="","",G11/(C11+H11)) -> 0.66363636 | K11: =IF(E11="","",SUMIFS(Monitoring!$K$5:$K$200,Monitoring!$B$5:$B$200,A11,Monitoring!$C$5:$C$200,E11)) -> 0 | L11: =IF(A11="","",IF(E11="","No clean census",IF(K11>0,"Replanted, recheck",IF(AND(F11>=TriggerMonth,I11<Trigger),"Replant",IF(I11<Trigger+WatchBand,"Watch","On track"))))) -> Replant | M11: =IF(L11="Replant",ROUNDUP(C11*Target-G11,0),0) -> 75 | N11: =IF(E11="","",ReportDate-E11) -> 67 | O11: =IF(A11="","",COUNTIFS(Monitoring!$B$5:$B$200,A11,Monitoring!$Z$5:$Z$200,">0")) -> 0 | P11: =IF(A11="","",IF(L11="No clean census","Correct flagged rows, then recount",IF(L11="Replant","Replant "&M11&" seedlings with the partner group"&IF(N11>OverdueDays,"; census overdue",""),IF(N11>OverdueDays,"Census overdue",IF(L11="Replanted, recheck","Recount at the next census",IF(L11="Watch","Check the cause at the next visit","Routine census")))))&IF(O11>0,"; fix "&O11&" flagged row"&IF(O11>1,"s",""),"")) -> Replant 75 seedlings with the partner group | Q11: =IF(E11="","",C11+H11-G11) -> 185 | R11: =IF(E11="","",INDEX(Monitoring!$I$5:$I$200,SUMPRODUCT((Monitoring!$B$5:$B$200=A11)*(Monitoring!$C$5:$C$200=E11)*(Monitoring!$Z$5:$Z$200=0)*(ROW(Monitoring!$B$5:$B$200)-4)))&"") -> Sediment burial | S11: =IF(A11="","",Trigger) -> 0.7
A12: =IF(Planting_Log!A12="","",Planting_Log!A12) -> B04 | B12: =IF(A12="","",Planting_Log!B12) -> Site B - pond dyke | C12: =IF(A12="","",Planting_Log!G12) -> 600 | D12: =IF(A12="","",Planting_Log!D12) -> 46046 | E12: =IF(A12="","",IF(SUMPRODUCT((Monitoring!$B$5:$B$200=A12)*(Monitoring!$Z$5:$Z$200=0)*(Monitoring!$C$5:$C$200<>""))=0,"",SUMPRODUCT(MAX((Monitoring!$B$5:$B$200=A12)*(Monitoring!$Z$5:$Z$200=0)*Monitoring!$C$5:$C$200)))) -> 46228 | F12: =IF(E12="","",IF((E12-D12)/30.44<2,1,IF((E12-D12)/30.44<4.5,3,IF((E12-D12)/30.44<7.5,6,IF((E12-D12)/30.44<10.5,9,12))))) -> 6 | G12: =IF(E12="","",SUMIFS(Monitoring!$F$5:$F$200,Monitoring!$B$5:$B$200,A12,Monitoring!$C$5:$C$200,E12,Monitoring!$Z$5:$Z$200,0)) -> 535 | H12: =IF(E12="","",SUMIFS(Monitoring!$K$5:$K$200,Monitoring!$B$5:$B$200,A12,Monitoring!$C$5:$C$200,"<"&E12)) -> 0 | I12: =IF(E12="","",G12/C12) -> 0.89166667 | J12: =IF(E12="","",G12/(C12+H12)) -> 0.89166667 | K12: =IF(E12="","",SUMIFS(Monitoring!$K$5:$K$200,Monitoring!$B$5:$B$200,A12,Monitoring!$C$5:$C$200,E12)) -> 0 | L12: =IF(A12="","",IF(E12="","No clean census",IF(K12>0,"Replanted, recheck",IF(AND(F12>=TriggerMonth,I12<Trigger),"Replant",IF(I12<Trigger+WatchBand,"Watch","On track"))))) -> On track | M12: =IF(L12="Replant",ROUNDUP(C12*Target-G12,0),0) -> 0 | N12: =IF(E12="","",ReportDate-E12) -> 67 | O12: =IF(A12="","",COUNTIFS(Monitoring!$B$5:$B$200,A12,Monitoring!$Z$5:$Z$200,">0")) -> 1 | P12: =IF(A12="","",IF(L12="No clean census","Correct flagged rows, then recount",IF(L12="Replant","Replant "&M12&" seedlings with the partner group"&IF(N12>OverdueDays,"; census overdue",""),IF(N12>OverdueDays,"Census overdue",IF(L12="Replanted, recheck","Recount at the next census",IF(L12="Watch","Check the cause at the next visit","Routine census")))))&IF(O12>0,"; fix "&O12&" flagged row"&IF(O12>1,"s",""),"")) -> Routine census; fix 1 flagged row | Q12: =IF(E12="","",C12+H12-G12) -> 65 | R12: =IF(E12="","",INDEX(Monitoring!$I$5:$I$200,SUMPRODUCT((Monitoring!$B$5:$B$200=A12)*(Monitoring!$C$5:$C$200=E12)*(Monitoring!$Z$5:$Z$200=0)*(ROW(Monitoring!$B$5:$B$200)-4)))&"") -> Crab damage | S12: =IF(A12="","",Trigger) -> 0.7
A13: =IF(Planting_Log!A13="","",Planting_Log!A13) -> C01 | B13: =IF(A13="","",Planting_Log!B13) -> Site C - sheltered lagoon | C13: =IF(A13="","",Planting_Log!G13) -> 400 | D13: =IF(A13="","",Planting_Log!D13) -> 46095 | E13: =IF(A13="","",IF(SUMPRODUCT((Monitoring!$B$5:$B$200=A13)*(Monitoring!$Z$5:$Z$200=0)*(Monitoring!$C$5:$C$200<>""))=0,"",SUMPRODUCT(MAX((Monitoring!$B$5:$B$200=A13)*(Monitoring!$Z$5:$Z$200=0)*Monitoring!$C$5:$C$200)))) -> 46277 | F13: =IF(E13="","",IF((E13-D13)/30.44<2,1,IF((E13-D13)/30.44<4.5,3,IF((E13-D13)/30.44<7.5,6,IF((E13-D13)/30.44<10.5,9,12))))) -> 6 | G13: =IF(E13="","",SUMIFS(Monitoring!$F$5:$F$200,Monitoring!$B$5:$B$200,A13,Monitoring!$C$5:$C$200,E13,Monitoring!$Z$5:$Z$200,0)) -> 340 | H13: =IF(E13="","",SUMIFS(Monitoring!$K$5:$K$200,Monitoring!$B$5:$B$200,A13,Monitoring!$C$5:$C$200,"<"&E13)) -> 0 | I13: =IF(E13="","",G13/C13) -> 0.85 | J13: =IF(E13="","",G13/(C13+H13)) -> 0.85 | K13: =IF(E13="","",SUMIFS(Monitoring!$K$5:$K$200,Monitoring!$B$5:$B$200,A13,Monitoring!$C$5:$C$200,E13)) -> 0 | L13: =IF(A13="","",IF(E13="","No clean census",IF(K13>0,"Replanted, recheck",IF(AND(F13>=TriggerMonth,I13<Trigger),"Replant",IF(I13<Trigger+WatchBand,"Watch","On track"))))) -> On track | M13: =IF(L13="Replant",ROUNDUP(C13*Target-G13,0),0) -> 0 | N13: =IF(E13="","",ReportDate-E13) -> 18 | O13: =IF(A13="","",COUNTIFS(Monitoring!$B$5:$B$200,A13,Monitoring!$Z$5:$Z$200,">0")) -> 1 | P13: =IF(A13="","",IF(L13="No clean census","Correct flagged rows, then recount",IF(L13="Replant","Replant "&M13&" seedlings with the partner group"&IF(N13>OverdueDays,"; census overdue",""),IF(N13>OverdueDays,"Census overdue",IF(L13="Replanted, recheck","Recount at the next census",IF(L13="Watch","Check the cause at the next visit","Routine census")))))&IF(O13>0,"; fix "&O13&" flagged row"&IF(O13>1,"s",""),"")) -> Routine census; fix 1 flagged row | Q13: =IF(E13="","",C13+H13-G13) -> 60 | R13: =IF(E13="","",INDEX(Monitoring!$I$5:$I$200,SUMPRODUCT((Monitoring!$B$5:$B$200=A13)*(Monitoring!$C$5:$C$200=E13)*(Monitoring!$Z$5:$Z$200=0)*(ROW(Monitoring!$B$5:$B$200)-4)))&"") -> Debris/plastic | S13: =IF(A13="","",Trigger) -> 0.7
A14: =IF(Planting_Log!A14="","",Planting_Log!A14) -> C02 | B14: =IF(A14="","",Planting_Log!B14) -> Site C - sheltered lagoon | C14: =IF(A14="","",Planting_Log!G14) -> 400 | D14: =IF(A14="","",Planting_Log!D14) -> 46095 | E14: =IF(A14="","",IF(SUMPRODUCT((Monitoring!$B$5:$B$200=A14)*(Monitoring!$Z$5:$Z$200=0)*(Monitoring!$C$5:$C$200<>""))=0,"",SUMPRODUCT(MAX((Monitoring!$B$5:$B$200=A14)*(Monitoring!$Z$5:$Z$200=0)*Monitoring!$C$5:$C$200)))) -> 46277 | F14: =IF(E14="","",IF((E14-D14)/30.44<2,1,IF((E14-D14)/30.44<4.5,3,IF((E14-D14)/30.44<7.5,6,IF((E14-D14)/30.44<10.5,9,12))))) -> 6 | G14: =IF(E14="","",SUMIFS(Monitoring!$F$5:$F$200,Monitoring!$B$5:$B$200,A14,Monitoring!$C$5:$C$200,E14,Monitoring!$Z$5:$Z$200,0)) -> 290 | H14: =IF(E14="","",SUMIFS(Monitoring!$K$5:$K$200,Monitoring!$B$5:$B$200,A14,Monitoring!$C$5:$C$200,"<"&E14)) -> 0 | I14: =IF(E14="","",G14/C14) -> 0.725 | J14: =IF(E14="","",G14/(C14+H14)) -> 0.725 | K14: =IF(E14="","",SUMIFS(Monitoring!$K$5:$K$200,Monitoring!$B$5:$B$200,A14,Monitoring!$C$5:$C$200,E14)) -> 0 | L14: =IF(A14="","",IF(E14="","No clean census",IF(K14>0,"Replanted, recheck",IF(AND(F14>=TriggerMonth,I14<Trigger),"Replant",IF(I14<Trigger+WatchBand,"Watch","On track"))))) -> Watch | M14: =IF(L14="Replant",ROUNDUP(C14*Target-G14,0),0) -> 0 | N14: =IF(E14="","",ReportDate-E14) -> 18 | O14: =IF(A14="","",COUNTIFS(Monitoring!$B$5:$B$200,A14,Monitoring!$Z$5:$Z$200,">0")) -> 0 | P14: =IF(A14="","",IF(L14="No clean census","Correct flagged rows, then recount",IF(L14="Replant","Replant "&M14&" seedlings with the partner group"&IF(N14>OverdueDays,"; census overdue",""),IF(N14>OverdueDays,"Census overdue",IF(L14="Replanted, recheck","Recount at the next census",IF(L14="Watch","Check the cause at the next visit","Routine census")))))&IF(O14>0,"; fix "&O14&" flagged row"&IF(O14>1,"s",""),"")) -> Check the cause at the next visit | Q14: =IF(E14="","",C14+H14-G14) -> 110 | R14: =IF(E14="","",INDEX(Monitoring!$I$5:$I$200,SUMPRODUCT((Monitoring!$B$5:$B$200=A14)*(Monitoring!$C$5:$C$200=E14)*(Monitoring!$Z$5:$Z$200=0)*(ROW(Monitoring!$B$5:$B$200)-4)))&"") -> Grazing | S14: =IF(A14="","",Trigger) -> 0.7
A15: =IF(Planting_Log!A15="","",Planting_Log!A15) -> C03 | B15: =IF(A15="","",Planting_Log!B15) -> Site C - sheltered lagoon | C15: =IF(A15="","",Planting_Log!G15) -> 400 | D15: =IF(A15="","",Planting_Log!D15) -> 46095 | E15: =IF(A15="","",IF(SUMPRODUCT((Monitoring!$B$5:$B$200=A15)*(Monitoring!$Z$5:$Z$200=0)*(Monitoring!$C$5:$C$200<>""))=0,"",SUMPRODUCT(MAX((Monitoring!$B$5:$B$200=A15)*(Monitoring!$Z$5:$Z$200=0)*Monitoring!$C$5:$C$200)))) -> 46277 | F15: =IF(E15="","",IF((E15-D15)/30.44<2,1,IF((E15-D15)/30.44<4.5,3,IF((E15-D15)/30.44<7.5,6,IF((E15-D15)/30.44<10.5,9,12))))) -> 6 | G15: =IF(E15="","",SUMIFS(Monitoring!$F$5:$F$200,Monitoring!$B$5:$B$200,A15,Monitoring!$C$5:$C$200,E15,Monitoring!$Z$5:$Z$200,0)) -> 355 | H15: =IF(E15="","",SUMIFS(Monitoring!$K$5:$K$200,Monitoring!$B$5:$B$200,A15,Monitoring!$C$5:$C$200,"<"&E15)) -> 0 | I15: =IF(E15="","",G15/C15) -> 0.8875 | J15: =IF(E15="","",G15/(C15+H15)) -> 0.8875 | K15: =IF(E15="","",SUMIFS(Monitoring!$K$5:$K$200,Monitoring!$B$5:$B$200,A15,Monitoring!$C$5:$C$200,E15)) -> 0 | L15: =IF(A15="","",IF(E15="","No clean census",IF(K15>0,"Replanted, recheck",IF(AND(F15>=TriggerMonth,I15<Trigger),"Replant",IF(I15<Trigger+WatchBand,"Watch","On track"))))) -> On track | M15: =IF(L15="Replant",ROUNDUP(C15*Target-G15,0),0) -> 0 | N15: =IF(E15="","",ReportDate-E15) -> 18 | O15: =IF(A15="","",COUNTIFS(Monitoring!$B$5:$B$200,A15,Monitoring!$Z$5:$Z$200,">0")) -> 2 | P15: =IF(A15="","",IF(L15="No clean census","Correct flagged rows, then recount",IF(L15="Replant","Replant "&M15&" seedlings with the partner group"&IF(N15>OverdueDays,"; census overdue",""),IF(N15>OverdueDays,"Census overdue",IF(L15="Replanted, recheck","Recount at the next census",IF(L15="Watch","Check the cause at the next visit","Routine census")))))&IF(O15>0,"; fix "&O15&" flagged row"&IF(O15>1,"s",""),"")) -> Routine census; fix 2 flagged rows | Q15: =IF(E15="","",C15+H15-G15) -> 45 | R15: =IF(E15="","",INDEX(Monitoring!$I$5:$I$200,SUMPRODUCT((Monitoring!$B$5:$B$200=A15)*(Monitoring!$C$5:$C$200=E15)*(Monitoring!$Z$5:$Z$200=0)*(ROW(Monitoring!$B$5:$B$200)-4)))&"") -> Debris/plastic | S15: =IF(A15="","",Trigger) -> 0.7
A16: =IF(Planting_Log!A16="","",Planting_Log!A16) -> C04 | B16: =IF(A16="","",Planting_Log!B16) -> Site C - sheltered lagoon | C16: =IF(A16="","",Planting_Log!G16) -> 400 | D16: =IF(A16="","",Planting_Log!D16) -> 46095 | E16: =IF(A16="","",IF(SUMPRODUCT((Monitoring!$B$5:$B$200=A16)*(Monitoring!$Z$5:$Z$200=0)*(Monitoring!$C$5:$C$200<>""))=0,"",SUMPRODUCT(MAX((Monitoring!$B$5:$B$200=A16)*(Monitoring!$Z$5:$Z$200=0)*Monitoring!$C$5:$C$200)))) -> 46186 | F16: =IF(E16="","",IF((E16-D16)/30.44<2,1,IF((E16-D16)/30.44<4.5,3,IF((E16-D16)/30.44<7.5,6,IF((E16-D16)/30.44<10.5,9,12))))) -> 3 | G16: =IF(E16="","",SUMIFS(Monitoring!$F$5:$F$200,Monitoring!$B$5:$B$200,A16,Monitoring!$C$5:$C$200,E16,Monitoring!$Z$5:$Z$200,0)) -> 375 | H16: =IF(E16="","",SUMIFS(Monitoring!$K$5:$K$200,Monitoring!$B$5:$B$200,A16,Monitoring!$C$5:$C$200,"<"&E16)) -> 0 | I16: =IF(E16="","",G16/C16) -> 0.9375 | J16: =IF(E16="","",G16/(C16+H16)) -> 0.9375 | K16: =IF(E16="","",SUMIFS(Monitoring!$K$5:$K$200,Monitoring!$B$5:$B$200,A16,Monitoring!$C$5:$C$200,E16)) -> 0 | L16: =IF(A16="","",IF(E16="","No clean census",IF(K16>0,"Replanted, recheck",IF(AND(F16>=TriggerMonth,I16<Trigger),"Replant",IF(I16<Trigger+WatchBand,"Watch","On track"))))) -> On track | M16: =IF(L16="Replant",ROUNDUP(C16*Target-G16,0),0) -> 0 | N16: =IF(E16="","",ReportDate-E16) -> 109 | O16: =IF(A16="","",COUNTIFS(Monitoring!$B$5:$B$200,A16,Monitoring!$Z$5:$Z$200,">0")) -> 1 | P16: =IF(A16="","",IF(L16="No clean census","Correct flagged rows, then recount",IF(L16="Replant","Replant "&M16&" seedlings with the partner group"&IF(N16>OverdueDays,"; census overdue",""),IF(N16>OverdueDays,"Census overdue",IF(L16="Replanted, recheck","Recount at the next census",IF(L16="Watch","Check the cause at the next visit","Routine census")))))&IF(O16>0,"; fix "&O16&" flagged row"&IF(O16>1,"s",""),"")) -> Census overdue; fix 1 flagged row | Q16: =IF(E16="","",C16+H16-G16) -> 25 | R16: =IF(E16="","",INDEX(Monitoring!$I$5:$I$200,SUMPRODUCT((Monitoring!$B$5:$B$200=A16)*(Monitoring!$C$5:$C$200=E16)*(Monitoring!$Z$5:$Z$200=0)*(ROW(Monitoring!$B$5:$B$200)-4)))&"") -> Crab damage | S16: =IF(A16="","",Trigger) -> 0.7

Sheet Site_Summary
A1: Site summary
A2: Totals per site, stocking by census month, and losses by main cause.
A4: Site | B4: Plots | C4: Seedlings planted | D4: Replanted to date | E4: Alive at last clean visit | F4: Stocking (vs design) | G4: Plots to replant | H4: Seedlings to order | I4: Plots with census overdue | J4: Flagged rows open
A5: =Settings!E4 -> Site A - seaward fringe | B5: =COUNTIF(Planting_Log!$B$5:$B$60,A5) -> 4 | C5: =SUMIFS(Planting_Log!$G$5:$G$60,Planting_Log!$B$5:$B$60,A5) -> 1950 | D5: =SUMIFS(Monitoring!$K$5:$K$200,Monitoring!$M$5:$M$200,A5) -> 272 | E5: =SUMIFS(Plot_Status!$G$5:$G$60,Plot_Status!$B$5:$B$60,A5) -> 1323 | F5: =IF(C5=0,"",E5/C5) -> 0.67846154 | G5: =COUNTIFS(Plot_Status!$B$5:$B$60,A5,Plot_Status!$L$5:$L$60,"Replant") -> 1 | H5: =SUMIFS(Plot_Status!$M$5:$M$60,Plot_Status!$B$5:$B$60,A5) -> 60 | I5: =COUNTIFS(Plot_Status!$B$5:$B$60,A5,Plot_Status!$N$5:$N$60,">"&OverdueDays) -> 3 | J5: =COUNTIFS(Monitoring!$M$5:$M$200,A5,Monitoring!$Z$5:$Z$200,">0") -> 1
A6: =Settings!E5 -> Site B - pond dyke | B6: =COUNTIF(Planting_Log!$B$5:$B$60,A6) -> 4 | C6: =SUMIFS(Planting_Log!$G$5:$G$60,Planting_Log!$B$5:$B$60,A6) -> 2350 | D6: =SUMIFS(Monitoring!$K$5:$K$200,Monitoring!$M$5:$M$200,A6) -> 0 | E6: =SUMIFS(Plot_Status!$G$5:$G$60,Plot_Status!$B$5:$B$60,A6) -> 1955 | F6: =IF(C6=0,"",E6/C6) -> 0.83191489 | G6: =COUNTIFS(Plot_Status!$B$5:$B$60,A6,Plot_Status!$L$5:$L$60,"Replant") -> 1 | H6: =SUMIFS(Plot_Status!$M$5:$M$60,Plot_Status!$B$5:$B$60,A6) -> 75 | I6: =COUNTIFS(Plot_Status!$B$5:$B$60,A6,Plot_Status!$N$5:$N$60,">"&OverdueDays) -> 1 | J6: =COUNTIFS(Monitoring!$M$5:$M$200,A6,Monitoring!$Z$5:$Z$200,">0") -> 3
A7: =Settings!E6 -> Site C - sheltered lagoon | B7: =COUNTIF(Planting_Log!$B$5:$B$60,A7) -> 4 | C7: =SUMIFS(Planting_Log!$G$5:$G$60,Planting_Log!$B$5:$B$60,A7) -> 1600 | D7: =SUMIFS(Monitoring!$K$5:$K$200,Monitoring!$M$5:$M$200,A7) -> 0 | E7: =SUMIFS(Plot_Status!$G$5:$G$60,Plot_Status!$B$5:$B$60,A7) -> 1360 | F7: =IF(C7=0,"",E7/C7) -> 0.85 | G7: =COUNTIFS(Plot_Status!$B$5:$B$60,A7,Plot_Status!$L$5:$L$60,"Replant") -> 0 | H7: =SUMIFS(Plot_Status!$M$5:$M$60,Plot_Status!$B$5:$B$60,A7) -> 0 | I7: =COUNTIFS(Plot_Status!$B$5:$B$60,A7,Plot_Status!$N$5:$N$60,">"&OverdueDays) -> 1 | J7: =COUNTIFS(Monitoring!$M$5:$M$200,A7,Monitoring!$Z$5:$Z$200,">0") -> 4
A8: All sites | B8: =SUM(B5:B7) -> 12 | C8: =SUM(C5:C7) -> 5900 | D8: =SUM(D5:D7) -> 272 | E8: =SUM(E5:E7) -> 4638 | F8: =IF(C8=0,"",E8/C8) -> 0.78610169 | G8: =SUM(G5:G7) -> 2 | H8: =SUM(H5:H7) -> 135 | I8: =SUM(I5:I7) -> 5 | J8: =SUM(J5:J7) -> 8
A9: Rows with an unknown plot ID | J9: =COUNTIFS(Monitoring!$B$5:$B$200,"<>",Monitoring!$M$5:$M$200,"") -> 1
A12: Stocking by census month (clean census rows only) | F12: Seedlings lost by main cause (cause recorded at each plot's last clean visit)
A13: Site | B13: Month 1 | C13: Month 3 | D13: Month 6 | F13: Main cause | G13: Plots | H13: Seedlings lost
A14: =Settings!E4 -> Site A - seaward fringe | B14: =IFERROR(AVERAGEIFS(Monitoring!$U$5:$U$200,Monitoring!$M$5:$M$200,$A14,Monitoring!$P$5:$P$200,1,Monitoring!$D$5:$D$200,"Census",Monitoring!$Z$5:$Z$200,0),"") -> 0.91861111 | C14: =IFERROR(AVERAGEIFS(Monitoring!$U$5:$U$200,Monitoring!$M$5:$M$200,$A14,Monitoring!$P$5:$P$200,3,Monitoring!$D$5:$D$200,"Census",Monitoring!$Z$5:$Z$200,0),"") -> 0.74148148 | D14: =IFERROR(AVERAGEIFS(Monitoring!$U$5:$U$200,Monitoring!$M$5:$M$200,$A14,Monitoring!$P$5:$P$200,6,Monitoring!$D$5:$D$200,"Census",Monitoring!$Z$5:$Z$200,0),"") -> 0.61666667 | F14: =Settings!G4 -> Wave/scour | G14: =COUNTIF(Plot_Status!$R$5:$R$60,F14) -> 1 | H14: =SUMIFS(Plot_Status!$Q$5:$Q$60,Plot_Status!$R$5:$R$60,F14) -> 214
A15: =Settings!E5 -> Site B - pond dyke | B15: =IFERROR(AVERAGEIFS(Monitoring!$U$5:$U$200,Monitoring!$M$5:$M$200,$A15,Monitoring!$P$5:$P$200,1,Monitoring!$D$5:$D$200,"Census",Monitoring!$Z$5:$Z$200,0),"") -> 0.96237374 | C15: =IFERROR(AVERAGEIFS(Monitoring!$U$5:$U$200,Monitoring!$M$5:$M$200,$A15,Monitoring!$P$5:$P$200,3,Monitoring!$D$5:$D$200,"Census",Monitoring!$Z$5:$Z$200,0),"") -> 0.90416667 | D15: =IFERROR(AVERAGEIFS(Monitoring!$U$5:$U$200,Monitoring!$M$5:$M$200,$A15,Monitoring!$P$5:$P$200,6,Monitoring!$D$5:$D$200,"Census",Monitoring!$Z$5:$Z$200,0),"") -> 0.80176768 | F15: =Settings!G5 -> Barnacles | G15: =COUNTIF(Plot_Status!$R$5:$R$60,F15) -> 3 | H15: =SUMIFS(Plot_Status!$Q$5:$Q$60,Plot_Status!$R$5:$R$60,F15) -> 570
A16: =Settings!E6 -> Site C - sheltered lagoon | B16: =IFERROR(AVERAGEIFS(Monitoring!$U$5:$U$200,Monitoring!$M$5:$M$200,$A16,Monitoring!$P$5:$P$200,1,Monitoring!$D$5:$D$200,"Census",Monitoring!$Z$5:$Z$200,0),"") -> 0.96833333 | C16: =IFERROR(AVERAGEIFS(Monitoring!$U$5:$U$200,Monitoring!$M$5:$M$200,$A16,Monitoring!$P$5:$P$200,3,Monitoring!$D$5:$D$200,"Census",Monitoring!$Z$5:$Z$200,0),"") -> 0.89166667 | D16: =IFERROR(AVERAGEIFS(Monitoring!$U$5:$U$200,Monitoring!$M$5:$M$200,$A16,Monitoring!$P$5:$P$200,6,Monitoring!$D$5:$D$200,"Census",Monitoring!$Z$5:$Z$200,0),"") -> 0.82083333 | F16: =Settings!G6 -> Sediment burial | G16: =COUNTIF(Plot_Status!$R$5:$R$60,F16) -> 1 | H16: =SUMIFS(Plot_Status!$Q$5:$Q$60,Plot_Status!$R$5:$R$60,F16) -> 185
F17: =Settings!G7 -> Crab damage | G17: =COUNTIF(Plot_Status!$R$5:$R$60,F17) -> 4 | H17: =SUMIFS(Plot_Status!$Q$5:$Q$60,Plot_Status!$R$5:$R$60,F17) -> 235
F18: =Settings!G8 -> Grazing | G18: =COUNTIF(Plot_Status!$R$5:$R$60,F18) -> 1 | H18: =SUMIFS(Plot_Status!$Q$5:$Q$60,Plot_Status!$R$5:$R$60,F18) -> 110
F19: =Settings!G9 -> Debris/plastic | G19: =COUNTIF(Plot_Status!$R$5:$R$60,F19) -> 2 | H19: =SUMIFS(Plot_Status!$Q$5:$Q$60,Plot_Status!$R$5:$R$60,F19) -> 105
F20: =Settings!G10 -> Human disturbance | G20: =COUNTIF(Plot_Status!$R$5:$R$60,F20) -> 0 | H20: =SUMIFS(Plot_Status!$Q$5:$Q$60,Plot_Status!$R$5:$R$60,F20) -> 0
F21: =Settings!G11 -> Unknown | G21: =COUNTIF(Plot_Status!$R$5:$R$60,F21) -> 0 | H21: =SUMIFS(Plot_Status!$Q$5:$Q$60,Plot_Status!$R$5:$R$60,F21) -> 0

Sheet Field_Day_SOP
A1: Planting day: standard operating procedure (draft)
A2: A draft built from public restoration guidance and my own field work; to be adapted to CarbonEthics' own SOPs.
A4: No. | B4: Phase | C4: Step | D4: What good looks like | E4: Owner | F4: Record kept
A5: 1 | B5: T-14 to T-7: plan | C5: Confirm the plots to be planted, their boundaries and waypoint IDs | D5: Every plot has an ID in Planting_Log before the day | E5: Ops intern | F5: Planting_Log rows
A6: 2 | B6: T-14 to T-7: plan | C6: Choose the date and start time from the tide table | D6: Planting on a falling-to-low tide; crew off the flat before the flood returns | E6: Field lead | F6: Tide window in the day plan
A7: 3 | B7: T-14 to T-7: plan | C7: Check that each zone is plantable | D7: Elevation and flooding compared with nearby natural mangroves; species matched to the zone | E7: Science team | F7: Site note with photos
A8: 4 | B8: T-14 to T-7: plan | C8: Agree roles, numbers and compensation with the partner group in writing | D8: Who plants, who maintains, how much and when, in Bahasa Indonesia | E8: Ops lead + partner lead | F8: Signed agreement or written confirmation on file
A9: 5 | B9: T-14 to T-7: plan | C9: Order seedlings by zone | D9: Planned count plus 10% spare; minimum height and leaf count stated in the order | E9: Ops intern | F9: Seedling order
A10: 6 | B10: T-14 to T-7: plan | C10: Permits and notifications | D10: Village office or area authority informed as required; client briefing pack for corporate plantings | E10: Ops lead | F10: Letter or message on file
A11: 7 | B11: T-14 to T-7: plan | C11: Participant list and safety kit | D11: Emergency contacts; boots, gloves, first aid, water; life jackets for any boat transfer | E11: Ops intern | F11: Participant list, kit checklist
A12: 8 | B12: T-1: check | C12: Seedling quality check at the nursery | D12: Count, height, healthy leaves, intact root ball, no pests; reject below standard | E12: Science team + partner | F12: QC sheet: accepted and rejected
A13: 9 | B13: T-1: check | C13: Weather and sea check | D13: Marine forecast checked; go or no-go sent by 06:00 on the day; backup date agreed | E13: Field lead | F13: Go/no-go message
A14: 10 | B14: T-1: check | C14: Prepare data tools | D14: Forms loaded, plot tags with batch codes printed, GPS and phones charged | E14: Ops intern | F14: Ready checklist
A15: 11 | B15: Day: plant | C15: Safety and method briefing | D15: Tide time, mud safety, planting depth, staking and tying, nothing plastic left behind | E15: Field lead | F15: Briefing done before planting starts
A16: 12 | B16: Day: plant | C16: Assign plots to teams, one recorder per plot | D16: Each recorder tallies seedlings planted in their plot | E16: Ops intern | F16: Tally per plot
... A22: 18 | B22: Follow-up | C22: Pay the partner group on the agreed date and share results back | D22: Payment logged; results explained to the group in a short session | E22: Ops lead + finance | F22: Payment log, session note

Sheet Risk_Register
A1: Risk register for planting and monitoring (draft)
A2: Likelihood and severity 1 (low) to 3 (high). Score = likelihood x severity; 6 or 9 = High, 3 or 4 = Medium, 1 or 2 = Low.
A4: ID | B4: Risk | C4: Cause or trigger | D4: Likelihood | E4: Severity | F4: Score | G4: Rating | H4: Control before the day | I4: Control on the day | J4: Owner | K4: Early warning
A5: R01 | B5: Seedlings planted in the wrong zone (too low, flooded too long) | C5: Site chosen by convenience, not by flooding | D5: 2 | E5: 3 | F5: =D5*E5 -> 6 | G5: =IF(F5>=6,"High",IF(F5>=3,"Medium","Low")) -> High | H5: Compare elevation and flooding with nearby natural mangroves; pilot plot before scaling | I5: Plant only inside the marked zone | J5: Science team | K5: Month-1 losses above 20% in the lowest plots
A6: R02 | B6: Tide window missed | C6: Ceremony or boat delay | D6: 2 | E6: 3 | F6: =D6*E6 -> 6 | G6: =IF(F6>=6,"High",IF(F6>=3,"Medium","Low")) -> High | H6: Schedule from the tide table; ceremony after planting or kept short | I6: Hard stop time announced at the briefing | J6: Field lead | K6: Start delayed by more than 30 minutes
A7: R03 | B7: Wave exposure and scour on open fringe | C7: Exposed plots, no shelter | D7: 2 | E7: 3 | F7: =D7*E7 -> 6 | G7: =IF(F7>=6,"High",IF(F7>=3,"Medium","Low")) -> High | H7: Plant sheltered zones first, behind wave breakers where they exist; stake seedlings | I7: Check stakes and ties before leaving | J7: Science team | K7: Missing counts rising at month 1
A8: R04 | B8: Barnacle load and debris on stems | C8: Low maintenance between visits | D8: 2 | E8: 2 | F8: =D8*E8 -> 4 | G8: =IF(F8>=6,"High",IF(F8>=3,"Medium","Low")) -> Medium | H8: Monthly cleaning duty written into the partner agreement | I8: Show cleaning method at the briefing | J8: Partner lead | K8: Barnacles named as main cause at a census
A9: R05 | B9: Poor seedling quality | C9: Too young, damaged or diseased stock | D9: 2 | E9: 2 | F9: =D9*E9 -> 4 | G9: =IF(F9>=6,"High",IF(F9>=3,"Medium","Low")) -> Medium | H9: Nursery check on T-1 with written reject criteria; 10% spare | I9: Recorder sets aside rejected seedlings | J9: Science team | K9: Rejection rate above 10%
A10: R06 | B10: Counts do not reconcile (delivered, planted, reported) | C10: Tally errors, late data entry | D10: 2 | E10: 3 | F10: =D10*E10 -> 6 | G10: =IF(F10>=6,"High",IF(F10>=3,"Medium","Low")) -> High | H10: One recorder per plot; tally sheets printed | I10: Three-way count signed; same-day entry with QA checks | J10: Ops intern | K10: QA flags on entry
A11: R07 | B11: Plot cannot be found again | C11: No marker, GPS drift, photo point not fixed | D11: 2 | E11: 2 | F11: =D11*E11 -> 4 | G11: =IF(F11>=6,"High",IF(F11>=3,"Medium","Low")) -> Medium | H11: Fixed markers, waypoint ID and photo point for every plot | I11: Photo of each marker | J11: Ops intern | K11: Census note: plot not located
A12: R08 | B12: Partner group unclear on roles or payment | C12: Terms agreed verbally only | D12: 2 | E12: 3 | F12: =D12*E12 -> 6 | G12: =IF(F12>=6,"High",IF(F12>=3,"Medium","Low")) -> High | H12: Written agreement in Bahasa Indonesia; named contact; payment date | I12: Repeat the terms at the briefing | J12: Ops lead | K12: Maintenance visits missed
A13: R09 | B13: Grazing, trampling or human disturbance | C13: Livestock or foot traffic near the site | D13: 1 | E13: 2 | F13: =D13*E13 -> 2 | G13: =IF(F13>=6,"High",IF(F13>=3,"Medium","Low")) -> Low | H13: Agree signs or simple fencing with the village where livestock roam | I13: Mark planted rows clearly | J13: Partner lead | K13: Grazing named as main cause
A14: R10 | B14: Injury: cuts, slips, heat, boat transfer | C14: Mud, shells, sun, small boats | D14: 1 | E14: 3 | F14: =D14*E14 -> 3 | G14: =IF(F14>=6,"High",IF(F14>=3,"Medium","Low")) -> Medium | H14: PPE list, first-aid kit, life jackets, buddy system | I14: Safety briefing; water breaks | J14: Field lead | K14: Any near-miss reported
A15: R11 | B15: Bad weather or high waves | C15: Season, storms | D15: 2 | E15: 2 | F15: =D15*E15 -> 4 | G15: =IF(F15>=6,"High",IF(F15>=3,"Medium","Low")) -> Medium | H15: Marine forecast check; go or no-go by 06:00; backup date | I15: Stop work if waves or lightning | J15: Field lead | K15: Forecast warning issued
A16: R12 | B16: Plastic left on site | C16: Polybags and ties dropped | D16: 2 | E16: 1 | F16: =D16*E16 -> 2 | G16: =IF(F16>=6,"High",IF(F16>=3,"Medium","Low")) -> Low | H16: Bag count planned | I16: Bags out equals bags back | J16: Everyone | K16: Bag count short
